protac_id,target_uniprot,e3_ligand_uniprot,protac_smiles,e3_ligand_id,ㅡlogKd/Ki_target,nM_target,uM_target,M_target,ㅡlogKd/Ki_e3,nM_e3,uM_e3,M_e3
275,P00533,P40337,CC1=C(C2=CC=C(CNC(=O)[C@@H]3C[C@@H](O)CN3C(=O)[C@@H](NC(=O)COCCOCCOC3=CC=C(C4=CC=C5N=CN=C(NC6=CC=C(OCC7=CC=CC(F)=C7)C(Cl)=C6)C5=C4)C=C3)C(C)(C)C)C=C2)SC=N1,19,6.10096221,792.5703,0.7925703,7.93E-07,6.136059878,731.0383,0.7310383,7.31E-07
1373,Q06187,P40337,C=CC(=O)N1C[C@@H](N2N=C(C3=CC=C(OC4=CC=CC=C4)C=C3)C3=C(N)N=CN=C32)C[C@H]1C(=O)OCCOCCOCC(=O)N[C@H](C(=O)N1C[C@H](O)C[C@H]1C(=O)NCC1=CC=C(C2=C(C)N=CS2)C=C1)C(C)(C)C,19,6.108689917,778.5923,0.7785923,7.79E-07,5.437322763,3653.2319,3.6532319,3.65E-06
1373,P51451,P40337,C=CC(=O)N1C[C@@H](N2N=C(C3=CC=C(OC4=CC=CC=C4)C=C3)C3=C(N)N=CN=C32)C[C@H]1C(=O)OCCOCCOCC(=O)N[C@H](C(=O)N1C[C@H](O)C[C@H]1C(=O)NCC1=CC=C(C2=C(C)N=CS2)C=C1)C(C)(C)C,19,6.243220539,571.1885,0.5711885,5.71E-07,5.437322763,3653.2319,3.6532319,3.65E-06
334,O43353,P40337,CC1=C(C2=CC=C(CNC(=O)[C@@H]3C[C@@H](O)CN3C(=O)[C@@H](NC(=O)COCCOCCOCCOCCOC3=CC4=NC=CC(NC5=CC=C6SC=NC6=C5)=C4C=C3S(=O)(=O)C(C)(C)C)C(C)(C)C)C=C2)SC=N1,19,6.01145175,973.976,0.973976,9.74E-07,5.312451051,4870.2241,4.8702241,4.87E-06
283,Q06187,Q96SW2,NC1=NC=NC2=C1C(C1=CC=C(OC3=CC=CC=C3)C=C1)=NN2C1CCN(CCOCCOCC(=O)NC2=CC=C3C(=O)N(C4CCC(=O)NC4=O)C(=O)C3=C2)CC1,76,6.80549281,156.4974,0.1564974,1.56E-07,6.57320776,267.1728,0.2671728,2.67E-07
174,Q96SW2,P40337,CC1=C(C2=CC=C(CNC(=O)[C@@H]3C[C@@H](O)CN3C(=O)[C@@H](NC(=O)COCCOCCOCCNC3=CC=CC4=C3C(=O)N(C3CCC(=O)NC3=O)C4=O)C(C)(C)C)C=C2)SC=N1,19,5.342704888,4542.5018,4.5425018,4.54E-06,5.224414107,5964.6627,5.9646627,5.96E-06
1656,Q05397,P40337,COC1=CC(C(=O)NCCOCCOCCOCC(=O)N[C@H](C(=O)N2C[C@H](O)C[C@H]2C(=O)NCC2=CC=C(C3=C(C)N=CS3)C=C2)C(C)(C)C)=CC=C1NC1=NC=C(C(F)(F)F)C(OC2=CC=CC3=C2C(=O)CC3)=N1,19,6.500829107,315.6246,0.3156246,3.16E-07,5.815953763,1527.7287,1.5277287,1.53E-06
1783,O60885,P40337,CC1=C(C2=CC=C(CNC(=O)[C@@H]3C[C@@H](O)CN3C(=O)[C@@H](NC(=O)COCCOCCOCCNC(=O)C3=CC4=C(C=C3CS(C)(=O)=O)C3=CN(C)C(=O)C5=C3C(=C[NH]5)CN4C3=NC=C(F)C=C3F)C(C)(C)C)C=C2)SC=N1,19,5.954474622,1110.5174,1.1105174,1.11E-06,6.002888144,993.3719,0.9933719,9.93E-07
1785,O60885,P40337,CC1=C(C2=CC=C(CNC(=O)[C@@H]3C[C@@H](O)CN3C(=O)[C@@H](NC(=O)COCCOCCOCCNC(=O)C3=CC4=C(C=C3CS(C)(=O)=O)C3=CN(C)C(=O)C5=C3C(=C[NH]5)CN4C3=NC=C(F)C=C3F)C(C)(C)C)C(OC3CCNCC3)=C2)SC=N1,84,6.032444388,928.0163,0.9280163,9.28E-07,6.063333742,864.3035,0.8643035,8.64E-07
11,Q9H8M2,P40337,COC1=CC(C2=CN(C)C(=O)C3=CN=CC=C23)=CC(OC)=C1CN1CCN(CCOCCOCCOC2=CC(C3=C(C)N=CS3)=CC=C2CNC(=O)[C@@H]2C[C@@H](O)CN2C(=O)[C@@H](NC(=O)C2(F)CC2)C(C)(C)C)CC1,26,6.361812853,434.6975,0.4346975,4.35E-07,5.76802278,1705.9929,1.7059929,1.71E-06
181,Q16539,P40337,COC1=CC2=C(OC3=CC=C(NC(=O)C4(C(=O)NC5=CC=C(F)C=C5)CC4)C=C3F)C=CN=C2C=C1OCCOCCOCCC(=O)N[C@H](C(=O)N1C[C@H](O)C[C@H]1C(=O)NCC1=CC=C(C2=C(C)N=CS2)C=C1)C(C)(C)C,19,5.849525836,1414.0806,1.4140806,1.41E-06,5.575285054,2658.9792,2.6589792,2.66E-06
181,O15264,P40337,COC1=CC2=C(OC3=CC=C(NC(=O)C4(C(=O)NC5=CC=C(F)C=C5)CC4)C=C3F)C=CN=C2C=C1OCCOCCOCCC(=O)N[C@H](C(=O)N1C[C@H](O)C[C@H]1C(=O)NCC1=CC=C(C2=C(C)N=CS2)C=C1)C(C)(C)C,19,5.845362481,1427.7018,1.4277018,1.43E-06,5.575285054,2658.9792,2.6589792,2.66E-06
269,Q05397,P40337,CC1=C(C2=CC=C(CNC(=O)[C@@H]3C[C@@H](O)CN3C(=O)[C@@H](NC(=O)CCOCCOCCOC3=CC=C(NC4=NC=C(C(F)(F)F)C(NCC5=CC=CC(N(C)S(C)(=O)=O)=C5)=N4)C=C3)C(C)(C)C)C=C2)SC=N1,19,6.764470585,172.0004,0.1720004,1.72E-07,5.882321659,1311.2284,1.3112284,1.31E-06
796,P51531,P40337,CC1=C(C2=CC=C(CNC(=O)[C@@H]3C[C@@H](O)CN3C(=O)[C@@H](NC(=O)C3(F)CC3)C(C)(C)C)C(OCCOCCOCCN3CCN(C4=CC(C5=CC=CC=C5O)=NN=C4N)CC3)=C2)SC=N1,26,5.609234345,2459.0403,2.4590403,2.46E-06,5.847495895,1420.7056,1.4207056,1.42E-06
796,P51532,P40337,CC1=C(C2=CC=C(CNC(=O)[C@@H]3C[C@@H](O)CN3C(=O)[C@@H](NC(=O)C3(F)CC3)C(C)(C)C)C(OCCOCCOCCN3CCN(C4=CC(C5=CC=CC=C5O)=NN=C4N)CC3)=C2)SC=N1,26,6.053719707,883.65,0.88365,8.84E-07,5.847495895,1420.7056,1.4207056,1.42E-06
2038,Q00534,P40337,CC(=O)C1=C(C)C2=CN=C(NC3=CC=C(N4CCN(CCOCCOCCOC5=CC(C6=C(C)N=CS6)=CC=C5CNC(=O)[C@@H]5C[C@@H](O)CN5C(=O)[C@@H](NC(=O)C5(F)CC5)C(C)(C)C)CC4)C=N3)N=C2N(C2CCCC2)C1=O,26,6.927357568,118.2068,0.1182068,1.18E-07,5.797367425,1594.5296,1.5945296,1.59E-06
270,Q05397,P40337,CC1=C(C2=CC=C(CNC(=O)[C@@H]3C[C@@H](O)CN3C(=O)[C@@H](NC(=O)CCOCCOCCOCCOCCOC3=CC=C(NC4=NC=C(C(F)(F)F)C(NCC5=CC=CC(N(C)S(C)(=O)=O)=C5)=N4)C=C3)C(C)(C)C)C=C2)SC=N1,19,6.813235285,153.7322,0.1537322,1.54E-07,5.735978953,1836.6273,1.8366273,1.84E-06
267,Q05397,P40337,CC1=C(C2=CC=C(CNC(=O)[C@@H]3C[C@@H](O)CN3C(=O)[C@@H](NC(=O)CCOCCOC3=CC=C(NC4=NC=C(C(F)(F)F)C(NCC5=CC=CC(N(C)S(C)(=O)=O)=C5)=N4)C=C3)C(C)(C)C)C=C2)SC=N1,19,6.486115408,326.5011,0.3265011,3.27E-07,5.793934373,1607.1841,1.6071841,1.61E-06
333,P11474,P40337,COC1=CC(/C=C2\SC(=O)N(CCOCCC(=O)N[C@H](C(=O)N3C[C@H](O)C[C@H]3C(=O)NCC3=CC=C(C4=C(C)N=CS4)C=C3)C(C)(C)C)C2=O)=CC=C1OC1=CC=C(C#N)C=C1C(F)(F)F,19,6.907427157,123.7579,0.1237579,1.24E-07,5.520585106,3015.8858,3.0158858,3.02E-06
329,P25440,Q96SW2,CC1=C(C)C2=C(S1)N1C(C)=NN=C1[C@H](CC(=O)NC1=CC=C(OCCOCCOCCOCCNC3=CC=CC4=C3C(=O)N(C3CCC(=O)NC3=O)C4=O)C=C1)N=C2C1=CC=C(Cl)C=C1,2,6.333955493,463.4944,0.4634944,4.63E-07,6.21095861,615.2355,0.6152355,6.15E-07
329,Q15059,Q96SW2,CC1=C(C)C2=C(S1)N1C(C)=NN=C1[C@H](CC(=O)NC1=CC=C(OCCOCCOCCOCCNC3=CC=CC4=C3C(=O)N(C3CCC(=O)NC3=O)C4=O)C=C1)N=C2C1=CC=C(Cl)C=C1,2,6.465315659,342.5187,0.3425187,3.43E-07,6.21095861,615.2355,0.6152355,6.15E-07
329,O60885,Q96SW2,CC1=C(C)C2=C(S1)N1C(C)=NN=C1[C@H](CC(=O)NC1=CC=C(OCCOCCOCCOCCNC3=CC=CC4=C3C(=O)N(C3CCC(=O)NC3=O)C4=O)C=C1)N=C2C1=CC=C(Cl)C=C1,2,6.313769781,485.5458,0.4855458,4.86E-07,6.21095861,615.2355,0.6152355,6.15E-07
22,Q9H8M2,P40337,COC1=CC(C2=CN(C)C(=O)C3=CN=CC=C23)=CC(OC)=C1CN1CCN(CCCCCOC2=CC(C3=C(C)N=CS3)=CC=C2CNC(=O)[C@@H]2C[C@@H](O)CN2C(=O)[C@@H](NC(=O)C2(F)CC2)C(C)(C)C)CC1,26,6.719254403,190.8735,0.1908735,1.91E-07,6.17956252,661.3593,0.6613593,6.61E-07
22,Q9NPI1,P40337,COC1=CC(C2=CN(C)C(=O)C3=CN=CC=C23)=CC(OC)=C1CN1CCN(CCCCCOC2=CC(C3=C(C)N=CS3)=CC=C2CNC(=O)[C@@H]2C[C@@H](O)CN2C(=O)[C@@H](NC(=O)C2(F)CC2)C(C)(C)C)CC1,26,6.520273596,301.805,0.301805,3.02E-07,6.17956252,661.3593,0.6613593,6.61E-07
2690,O60885,Q96SW2,CC[C@@H]1C2=NN=C(C)N2C2=CN=C(NC3=CC=C(C(=O)NC4CCN(C(=O)COC5=CC=CC6=C5C(=O)N(C5CCC(=O)NC5=O)C6=O)CC4)C=C3OC)N=C2N1CC1CCCCC1,3,7.380984806,41.5925,0.0415925,4.16E-08,6.98384503,103.7899,0.1037899,1.04E-07
567,P00533,P40337,CC1=C(C2=CC=C(CNC(=O)[C@@H]3C[C@@H](O)CN3C(=O)[C@@H](NC(=O)CCCCCCN3CCN(C4=CC=C(NC5=CC6=C(N7CCC(CO)CC7)N=C(NC7=CC=C(F)C=C7)N=C6C=N5)N=C4)CC3)C(C)(C)C)C=C2)SC=N1,19,6.700730948,199.1907,0.1991907,1.99E-07,5.452925798,3524.3108,3.5243108,3.52E-06
1013,Q96SW2,P40337,CC1=C(C2=CC=C(CNC(=O)[C@@H]3C[C@@H](O)CN3C(=O)[C@@H](NC(=O)CCCCCCNC3=CC=CC4=C3C(=O)N(C3CCC(=O)NC3=O)C4=O)C(C)(C)C)C=C2)SC=N1,19,5.662261766,2176.3976,2.1763976,2.18E-06,5.708045557,1958.6392,1.9586392,1.96E-06
1995,P00533,P40337,CC1=C(C2=CC=C(CNC(=O)[C@@H]3C[C@@H](O)CN3C(=O)[C@@H](NC(=O)CCCCCCN3CCN(C4=CC=C(NC5=NC=C6N=C(NC7=CC=CC=C7)N(C7CCCC7)C6=N5)C=C4)CC3)C(C)(C)C)C=C2)SC=N1,19,6.903700406,124.8244,0.1248244,1.25E-07,5.464463474,3431.915,3.431915,3.43E-06
3300,Q13164,P40337,COC1=CC(N2CCN(CCCCCCC(=O)N[C@H](C(=O)N3C[C@H](O)C[C@H]3C(=O)N[C@@H](C)C3=CC=C(C4=C(C)N=CS4)C=C3)C(C)(C)C)CC2)=CC=C1NC1=NC=C2C(=N1)N(C)C1=CC=CC=C1C(=O)N2C,28,5.710847813,1946.0419,1.9460419,1.95E-06,5.125139193,7496.539,7.496539,7.50E-06
1996,P00533,P40337,CC1=C(C2=CC=C(CNC(=O)[C@@H]3C[C@@H](O)CN3C(=O)[C@@H](NC(=O)CCCCCCCN3CCN(C4=CC=C(NC5=NC=C6N=C(NC7=CC=CC=C7)N(C7CCCC7)C6=N5)C=C4)CC3)C(C)(C)C)C=C2)SC=N1,19,7.138780305,72.6473,0.0726473,7.26E-08,5.531054468,2944.0524,2.9440524,2.94E-06
2625,P00533,P40337,C=CC(=O)N1CCC[C@H](N2C(NC3=CC=CC=C3)=NC3=CN=C(NC4=CC=C(N5CCN(CCCCCCCC(=O)N[C@H](C(=O)N6C[C@H](O)C[C@H]6C(=O)N[C@@H](C)C6=CC=C(C7=C(C)N=CS7)C=C6)C(C)(C)C)CC5)C=C4)N=C32)C1,28,6.603101719,249.4011,0.2494011,2.49E-07,5.093565947,8061.8377,8.0618377,8.06E-06
2222,Q9UM73,Q96SW2,CCC1=CC2=C(C=C1N1CCC(N3CCN(CCCC#CC4=CC=CC5=C4CN(C4CCC(=O)NC4=O)C5=O)CC3)CC1)C(C)(C)C1=C(C2=O)C2=CC=C(C#N)C=C2[NH]1,6,7.298388486,50.305,0.050305,5.03E-08,6.371706232,424.9069,0.4249069,4.25E-07
1011,Q96SW2,P40337,CC1=C(C2=CC=C(CNC(=O)[C@@H]3C[C@@H](O)CN3C(=O)[C@@H](NC(=O)CCCCCCCCNC3=CC=CC4=C3C(=O)N(C3CCC(=O)NC3=O)C4=O)C(C)(C)C)C=C2)SC=N1,19,5.566349327,2714.2552,2.7142552,2.71E-06,5.54200087,2870.7748,2.8707748,2.87E-06
3259,Q03111,Q96SW2,C[C@H]1CCCN1CC1=NC2=CC=C(NC(=O)C3=CC=C4C(=C3)C=NN4CCCCCCCCNC3=CC=CC4=C3C(=O)N(C3CCC(=O)NC3=O)C4=O)C=C2[NH]1,2,7.833239353,14.6812,0.0146812,1.47E-08,7.099162845,79.5861,0.0795861,7.96E-08
77,P03372,P40337,CCN(CCCCCOCC(=O)N[C@H](C(=O)N1C[C@H](O)C[C@H]1C(=O)N[C@@H](C)C1=CC=C(C2=C(C)N=CS2)C=C1)C(C)(C)C)CCOC1=CC=C(C(=O)C2=C(C3=CC=C(O)C=C3)SC3=CC(O)=CC=C23)C=C1,28,7.180991897,65.9186,0.0659186,6.59E-08,5.431159853,3705.4431,3.7054431,3.71E-06
1012,Q96SW2,P40337,CC1=C(C2=CC=C(CNC(=O)[C@@H]3C[C@@H](O)CN3C(=O)[C@@H](NC(=O)CCCCCCCCCCNC3=CC=CC4=C3C(=O)N(C3CCC(=O)NC3=O)C4=O)C(C)(C)C)C=C2)SC=N1,19,5.886170703,1299.6586,1.2996586,1.30E-06,5.682200235,2078.738,2.078738,2.08E-06
1784,O60885,P40337,CC1=C(C2=CC=C(CNC(=O)[C@@H]3C[C@@H](O)CN3C(=O)[C@@H](NC(=O)CCCCCCCCCCNC(=O)C3=CC4=C(C=C3CS(C)(=O)=O)C3=CN(C)C(=O)C5=C3C(=C[NH]5)CN4C3=NC=C(F)C=C3F)C(C)(C)C)C=C2)SC=N1,19,6.083159703,825.7342,0.8257342,8.26E-07,6.064663639,861.6608,0.8616608,8.62E-07
1786,O60885,P40337,CC1=C(C2=CC=C(CNC(=O)[C@@H]3C[C@@H](O)CN3C(=O)[C@@H](NC(=O)CCCCCCCCCCNC(=O)C3=CC4=C(C=C3CS(C)(=O)=O)C3=CN(C)C(=O)C5=C3C(=C[NH]5)CN4C3=NC=C(F)C=C3F)C(C)(C)C)C(OC3CCNCC3)=C2)SC=N1,84,6.148164128,710.9448,0.7109448,7.11E-07,5.896701355,1268.5239,1.2685239,1.27E-06
2438,O15379,P40337,CC(=O)N[C@H](C(=O)N1C[C@H](O)C[C@H]1C(=O)NCC1=CC=C(C2=C(C)N=CS2)C=C1OCCCCCCCCCCCC(=O)NC1=CC=C(C(=O)NC2=CC=CC=C2N)C=C1)C(C)(C)C,18,6.665998994,215.7749,0.2157749,2.16E-07,6.096484869,800.7835,0.8007835,8.01E-07
2438,Q13547,P40337,CC(=O)N[C@H](C(=O)N1C[C@H](O)C[C@H]1C(=O)NCC1=CC=C(C2=C(C)N=CS2)C=C1OCCCCCCCCCCCC(=O)NC1=CC=C(C(=O)NC2=CC=CC=C2N)C=C1)C(C)(C)C,18,6.905998496,124.1657,0.1241657,1.24E-07,6.096484869,800.7835,0.8007835,8.01E-07
2439,O15379,P40337,CC1=C(C2=CC=C(CNC(=O)[C@@H]3C[C@@H](O)CN3C(=O)[C@@H](NC(=O)C3(F)CC3)C(C)(C)C)C(OCCCCCCCCCCCC(=O)NC3=CC=C(C(=O)NC4=CC=CC=C4N)C=C3)=C2)SC=N1,26,6.894292458,127.558,0.127558,1.28E-07,6.101878907,790.8991,0.7908991,7.91E-07
2006,Q9NWZ3,Q96SW2,CC(C)NC1=CC(N2C=CC3=CC(C#N)=CN=C32)=NC=C1C(=O)N[C@H]1CC[C@H](C(=O)NCCCCNC(=O)COC2=CC=CC3=C2C(=O)N(C2CCC(=O)NC2=O)C3=O)CC1,3,7.825391679,14.9489,0.0149489,1.49E-08,7.763932437,17.2214,0.0172214,1.72E-08
151,O60885,P40337,CC1=C(C2=CC=C(CNC(=O)[C@@H]3C[C@@H](O)CN3C(=O)[C@@H](NC(=O)COCC3=CN(CCNC(=O)C[C@@H]4N=C(C5=CC=C(Cl)C=C5)C5=C(SC(C)=C5C)N5C(C)=NN=C45)N=N3)C(C)(C)C)C=C2)SC=N1,19,6.043315745,905.0743,0.9050743,9.05E-07,5.508192656,3103.1827,3.1031827,3.10E-06
152,O60885,P40337,CC1=C(C2=CC=C(CNC(=O)[C@@H]3C[C@@H](O)CN3C(=O)[C@@H](NC(=O)COCCOCC3=CN(CCNC(=O)C[C@@H]4N=C(C5=CC=C(Cl)C=C5)C5=C(SC(C)=C5C)N5C(C)=NN=C45)N=N3)C(C)(C)C)C=C2)SC=N1,19,6.291775158,510.7694,0.5107694,5.11E-07,5.453448398,3520.0724,3.5200724,3.52E-06
153,O60885,P40337,CC1=C(C2=CC=C(CNC(=O)[C@@H]3C[C@@H](O)CN3C(=O)[C@@H](NC(=O)COCCOCCOCC3=CN(CCNC(=O)C[C@@H]4N=C(C5=CC=C(Cl)C=C5)C5=C(SC(C)=C5C)N5C(C)=NN=C45)N=N3)C(C)(C)C)C=C2)SC=N1,19,5.797036174,1595.7462,1.5957462,1.60E-06,5.70317604,1980.724,1.980724,1.98E-06
182,Q16539,P40337,COC1=CC2=C(OC3=CC=C(NC(=O)C4(C(=O)NC5=CC=C(F)C=C5)CC4)C=C3F)C=CN=C2C=C1OCCCOCCOCCC(=O)N[C@H](C(=O)N1C[C@H](O)C[C@H]1C(=O)NCC1=CC=C(C2=C(C)N=CS2)C=C1)C(C)(C)C,19,6.036491033,919.4095,0.9194095,9.19E-07,5.575003547,2660.7033,2.6607033,2.66E-06
182,O15264,P40337,COC1=CC2=C(OC3=CC=C(NC(=O)C4(C(=O)NC5=CC=C(F)C=C5)CC4)C=C3F)C=CN=C2C=C1OCCCOCCOCCC(=O)N[C@H](C(=O)N1C[C@H](O)C[C@H]1C(=O)NCC1=CC=C(C2=C(C)N=CS2)C=C1)C(C)(C)C,19,6.036111527,920.2132,0.9202132,9.20E-07,5.575003547,2660.7033,2.6607033,2.66E-06
183,Q16539,P40337,COC1=CC2=C(OC3=CC=C(NC(=O)C4(C(=O)NC5=CC=C(F)C=C5)CC4)C=C3F)C=CN=C2C=C1OCCCOCCCOCCC(=O)N[C@H](C(=O)N1C[C@H](O)C[C@H]1C(=O)NCC1=CC=C(C2=C(C)N=CS2)C=C1)C(C)(C)C,19,5.926473118,1184.4777,1.1844777,1.18E-06,5.699942938,1995.5245,1.9955245,2.00E-06
183,O15264,P40337,COC1=CC2=C(OC3=CC=C(NC(=O)C4(C(=O)NC5=CC=C(F)C=C5)CC4)C=C3F)C=CN=C2C=C1OCCCOCCCOCCC(=O)N[C@H](C(=O)N1C[C@H](O)C[C@H]1C(=O)NCC1=CC=C(C2=C(C)N=CS2)C=C1)C(C)(C)C,19,5.921103166,1199.2144,1.1992144,1.20E-06,5.699942938,1995.5245,1.9955245,2.00E-06
184,Q16539,P40337,COC1=CC2=C(OC3=CC=C(NC(=O)C4(C(=O)NC5=CC=C(F)C=C5)CC4)C=C3F)C=CN=C2C=C1OCCCCOCCCCOCC(=O)N[C@H](C(=O)N1C[C@H](O)C[C@H]1C(=O)NCC1=CC=C(C2=C(C)N=CS2)C=C1)C(C)(C)C,19,5.746485354,1792.729,1.792729,1.79E-06,5.987780634,1028.5357,1.0285357,1.03E-06
753,Q06187,Q96SW2,NC1=NC=NC2=C1C(C1=CC=C(OC3=CC=CC=C3)C=C1)=NN2C1CCN(CCOCCOCCOC2=CC=C3C(=O)N(C4CCC(=O)NC4=O)C(=O)C3=C2)CC1,4,7.063324752,86.4321,0.0864321,8.64E-08,6.83976577,144.622,0.144622,1.45E-07
2497,P10275,Q96SW2,N#CC1=CC=C(O[C@H]2CC[C@H](NC(=O)C3=CC=C(NCCCCCNC4=CC=C5C(=O)N(C6CCC(=O)NC6=O)C(=O)C5=C4)C=C3)CC2)C=C1Cl,76,7.080927543,82.9989,0.0829989,8.30E-08,7.354097017,44.249,0.044249,4.42E-08
2672,P14679,Q96SW2,N[C@@H](CC1=CC=C(O)C(O)=C1)C(=O)NCCCCCNC1=CC=CC2=C1C(=O)N(C1CCC(=O)NC1=O)C2=O,2,6.796667884,159.71,0.15971,1.60E-07,5.868222598,1354.495,1.354495,1.35E-06
265,Q05397,P40337,CC1=C(C2=CC=C(CNC(=O)[C@@H]3C[C@@H](O)CN3C(=O)[C@@H](NC(=O)COCCOC3=CC=C(NC4=NC=C(C(F)(F)F)C(NCC5=CC=CC(N(C)S(C)(=O)=O)=C5)=N4)C=C3)C(C)(C)C)C=C2)SC=N1,19,6.403272052,395.119,0.395119,3.95E-07,5.844966703,1429.0035,1.4290035,1.43E-06
209,O60885,P40337,CC1=C(C2=CC=C(CNC(=O)[C@@H]3C[C@@H](O)CN3C(=O)[C@@H](NC(=O)COCCCCOCCCOC3=CC=C(NC(=O)C[C@@H]4N=C(C5=CC=C(Cl)C=C5)C5=C(SC(C)=C5C)N5C(C)=NN=C45)C=C3)C(C)(C)C)C=C2)SC=N1,19,5.652843163,2224.1129,2.2241129,2.22E-06,5.853892318,1399.9344,1.3999344,1.40E-06
214,Q06187,Q96SW2,NC(=O)C1=C(N)N([C@@H]2CCCN(C(=O)OCCOCCOCCNC3=CC=CC4=C3C(=O)N(C3CCC(=O)NC3=O)C4=O)C2)N=C1C1=CC=C(OC2=CC=C(F)C=C2F)C=C1,2,7.51269758,30.7116,0.0307116,3.07E-08,6.722134027,189.6121,0.1896121,1.90E-07
215,Q06187,Q96SW2,NC(=O)C1=C(N)N([C@@H]2CCCN(C(=O)OCCOCCOCCOCCNC3=CC=CC4=C3C(=O)N(C3CCC(=O)NC3=O)C4=O)C2)N=C1C1=CC=C(OC2=CC=C(F)C=C2F)C=C1,2,7.512327996,30.7377,0.0307377,3.07E-08,7.171797007,67.3291,0.0673291,6.73E-08
216,Q06187,Q96SW2,NC(=O)C1=C(N)N([C@@H]2CCCN(C(=O)COCCOCCOCCOCCNC3=CC=CC4=C3C(=O)N(C3CCC(=O)NC3=O)C4=O)C2)N=C1C1=CC=C(OC2=CC=C(F)C=C2F)C=C1,2,7.157644473,69.5594,0.0695594,6.96E-08,6.939504159,114.9465,0.1149465,1.15E-07
217,Q06187,Q96SW2,NC(=O)C1=C(N)N([C@@H]2CCCN(C(=O)OCCOCCOCCOCCOCCNC3=CC=CC4=C3C(=O)N(C3CCC(=O)NC3=O)C4=O)C2)N=C1C1=CC=C(OC2=CC=C(F)C=C2F)C=C1,2,7.02853472,93.6408,0.0936408,9.36E-08,6.823252246,150.2269,0.1502269,1.50E-07
218,Q06187,Q96SW2,NC(=O)C1=C(N)N([C@@H]2CCCN(C(=O)COCCOCCOCCOCCOCCNC3=CC=CC4=C3C(=O)N(C3CCC(=O)NC3=O)C4=O)C2)N=C1C1=CC=C(OC2=CC=C(F)C=C2F)C=C1,2,7.06352256,86.3928,0.0863928,8.64E-08,6.976263712,105.6176,0.1056176,1.06E-07
219,Q06187,Q96SW2,NC(=O)C1=C(N)N([C@@H]2CCCN(C(=O)OCCOCCOCCOCCOCCOCCNC3=CC=CC4=C3C(=O)N(C3CCC(=O)NC3=O)C4=O)C2)N=C1C1=CC=C(OC2=CC=C(F)C=C2F)C=C1,2,7.10879543,77.8403,0.0778403,7.78E-08,6.609469898,245.7707,0.2457707,2.46E-07
220,Q06187,Q96SW2,NC(=O)C1=C(N)N([C@@H]2CCCN(C(=O)COCCOCCOCCOCCOCCOCCNC3=CC=CC4=C3C(=O)N(C3CCC(=O)NC3=O)C4=O)C2)N=C1C1=CC=C(OC2=CC=C(F)C=C2F)C=C1,2,7.033332511,92.612,0.092612,9.26E-08,6.788371064,162.7905,0.1627905,1.63E-07
1649,Q07817,P40337,CC1=C(C2=CC=C(CNC(=O)[C@@H]3C[C@@H](O)CN3C(=O)[C@@H](NC(=O)CCOCCOCCOCCOCCOCCOCC#CC3=CC=C(OCCCC4=C(C(=O)O)N=C(N5CCC6=CC=CC(C(=O)NC7=NC8=CC=CC=C8S7)=C6C5)S4)C=C3)C(C)(C)C)C=C2)SC=N1,19,6.284533319,519.3578,0.5193578,5.19E-07,5.620971183,2393.4746,2.3934746,2.39E-06
227,Q9UBN7,Q96SW2,O=C(CCCCCCC(=O)N/N=C/C1=CC=C(OCCOCCOCCN2C=C(CNC3=CC=CC4=C3C(=O)N(C3CCC(=O)NC3=O)C4=O)N=N2)C=C1)NO,2,7.899348175,12.6082,0.0126082,1.26E-08,6.203103121,626.4651,0.6264651,6.26E-07
335,P25440,P40337,CC1=C(C2=CC=C(CNC(=O)[C@@H]3C[C@@H](O)CN3C(=O)[C@@H](NC(=O)COCCOCCOCCNC(=O)C[C@@H]3N=C(C4=CC=C(Cl)C=C4)C4=C(SC(C)=C4C)N4C(C)=NN=C34)C(C)(C)C)C=C2)SC=N1,19,6.141275704,722.3111,0.7223111,7.22E-07,5.533759287,2925.7736,2.9257736,2.93E-06
335,Q15059,P40337,CC1=C(C2=CC=C(CNC(=O)[C@@H]3C[C@@H](O)CN3C(=O)[C@@H](NC(=O)COCCOCCOCCNC(=O)C[C@@H]3N=C(C4=CC=C(Cl)C=C4)C4=C(SC(C)=C4C)N4C(C)=NN=C34)C(C)(C)C)C=C2)SC=N1,19,5.938092297,1153.2082,1.1532082,1.15E-06,5.533759287,2925.7736,2.9257736,2.93E-06
335,O60885,P40337,CC1=C(C2=CC=C(CNC(=O)[C@@H]3C[C@@H](O)CN3C(=O)[C@@H](NC(=O)COCCOCCOCCNC(=O)C[C@@H]3N=C(C4=CC=C(Cl)C=C4)C4=C(SC(C)=C4C)N4C(C)=NN=C34)C(C)(C)C)C=C2)SC=N1,19,5.870422995,1347.6497,1.3476497,1.35E-06,5.533759287,2925.7736,2.9257736,2.93E-06
1652,Q15059,P40337,CC(=O)N1C2=CC=C(C3=CC=C(C(=O)NCCOCCOCCOCC(=O)N[C@H](C(=O)N4C[C@H](O)C[C@H]4C(=O)NCC4=CC=C(C5=C(C)N=CS5)C=C4)C(C)(C)C)C=C3)C=C2[C@H](NC2=CC=C(Cl)C=C2)C[C@@H]1C,19,5.803786636,1571.1345,1.5711345,1.57E-06,5.469622456,3391.3885,3.3913885,3.39E-06
1652,O60885,P40337,CC(=O)N1C2=CC=C(C3=CC=C(C(=O)NCCOCCOCCOCC(=O)N[C@H](C(=O)N4C[C@H](O)C[C@H]4C(=O)NCC4=CC=C(C5=C(C)N=CS5)C=C4)C(C)(C)C)C=C3)C=C2[C@H](NC2=CC=C(Cl)C=C2)C[C@@H]1C,19,5.842827032,1436.0613,1.4360613,1.44E-06,5.469622456,3391.3885,3.3913885,3.39E-06
1790,O60885,P40337,CC1=C(C2=CC=C(CNC(=O)[C@@H]3C[C@@H](O)CN3C(=O)[C@@H](NC(=O)COCCOCCOCCNC(=O)C[C@@H]3N=C(C4=CC=C(C#CCN)C=C4)C4=C(SC(C)=C4C)N4C(C)=NN=C34)C(C)(C)C)C=C2)SC=N1,19,5.747318449,1789.2934,1.7892934,1.79E-06,5.393736956,4038.8995,4.0388995,4.04E-06
1791,O60885,P40337,CNCCOC1=CC(C2=C(C)N=CS2)=CC=C1CNC(=O)[C@@H]1C[C@@H](O)CN1C(=O)[C@@H](NC(=O)COCCOCCOCCNC(=O)C[C@@H]1N=C(C2=CC=C(Cl)C=C2)C2=C(SC(C)=C2C)N2C(C)=NN=C12)C(C)(C)C,85,6.017065707,961.4668,0.9614668,9.61E-07,5.588887923,2576.9861,2.5769861,2.58E-06
1792,O60885,P40337,CC1=C(C2=CC=C(CNC(=O)[C@@H]3C[C@@H](O)CN3C(=O)[C@@H](NC(=O)COCCOCCOCCNC(=O)C[C@@H]3N=C(C4=CC=C(Cl)C=C4)C4=C(SC(C)=C4C)N4C(C)=NN=C34)C(C)(C)C)C(OC3CCNCC3)=C2)SC=N1,84,6.16588547,682.5187,0.6825187,6.83E-07,5.957964002,1101.6306,1.1016306,1.10E-06
2500,P10275,Q96SW2,N#CC1=CC=C(O[C@H]2CC[C@H](NC(=O)C3=CC=C(NCCCCCCCCNC4=CC=C5C(=O)N(C6CCC(=O)NC6=O)C(=O)C5=C4)C=C3)CC2)C=C1Cl,76,6.523321015,299.6946,0.2996946,3.00E-07,7.686585961,20.5785,0.0205785,2.06E-08
256,P10275,P40337,CC1=C(C2=CC=C(CNC(=O)[C@@H]3C[C@@H](O)CN3C(=O)[C@@H](NC(=O)COCCCOCCCCCOC3=CC=C(N4C(=S)N(C5=CC=C(C#N)C(C(F)(F)F)=C5)C(=O)C4(C)C)C=C3)C(C)(C)C)C=C2)SC=N1,19,6.34996756,446.717,0.446717,4.47E-07,5.605449579,2480.5639,2.4805639,2.48E-06
1585,P10275,P40337,CC1=C(C2=CC=C([C@H](C)NC(=O)[C@@H]3C[C@@H](O)CN3C(=O)[C@@H](NC(=O)COCCCOCCCCCOC3=CC=C(N4C(=S)N(C5=CC=C(C#N)C(C(F)(F)F)=C5)C(=O)C4(C)C)C=C3F)C(C)(C)C)C=C2)SC=N1,28,6.383191099,413.8175,0.4138175,4.14E-07,5.569485904,2694.7228,2.6947228,2.69E-06
257,P10275,P40337,CC1=C(C2=CC=C(CNC(=O)[C@@H]3C[C@@H](O)CN3C(=O)[C@@H](NC(=O)COCCCCOC3=CC=C(C4=CC=C(N5C(=S)N(C6=CC=C(C#N)C(C(F)(F)F)=C6)C(=O)C5(C)C)C=C4)C=C3)C(C)(C)C)C=C2)SC=N1,19,6.6514606,223.1205,0.2231205,2.23E-07,5.847877526,1419.4578,1.4194578,1.42E-06
697,Q07817,P40337,CC1=C(C2=CC=C([C@H](C)NC(=O)[C@@H]3C[C@@H](O)CN3C(=O)[C@@H](NC(=O)CCCCCC(=O)N3CCN(CC[C@H](CSC4=CC=CC=C4)NC4=CC=C(S(=O)(=O)NC(=O)C5=CC=C(N6CCN(CC7=C(C8=CC=C(Cl)C=C8)CCC(C)(C)C7)CC6)C=C5)C=C4S(=O)(=O)C(F)(F)F)CC3)C(C)(C)C)C=C2)SC=N1,28,7.174454799,66.9183,0.0669183,6.69E-08,5.459115647,3474.4363,3.4744363,3.47E-06
1016,Q96SW2,P40337,CC1=C(C2=CC=C(CNC(=O)[C@@H]3C[C@@H](O)CN3C(=O)[C@@H](NC(=O)CCCCCC(=O)NC3=CC=CC4=C3C(=O)N(C3CCC(=O)NC3=O)C4=O)C(C)(C)C)C=C2)SC=N1,19,5.694599593,2020.2281,2.0202281,2.02E-06,5.528405523,2962.0643,2.9620643,2.96E-06
266,Q05397,P40337,CC1=C(C2=CC=C(CNC(=O)[C@@H]3C[C@@H](O)CN3C(=O)[C@@H](NC(=O)COCCCOC3=CC=C(NC4=NC=C(C(F)(F)F)C(NCC5=CC=CC(N(C)S(C)(=O)=O)=C5)=N4)C=C3)C(C)(C)C)C=C2)SC=N1,19,6.673143454,212.2543,0.2122543,2.12E-07,5.69083082,2037.8358,2.0378358,2.04E-06
268,Q05397,P40337,CC1=C(C2=CC=C(CNC(=O)[C@@H]3C[C@@H](O)CN3C(=O)[C@@H](NC(=O)CCOCCCOC3=CC=C(NC4=NC=C(C(F)(F)F)C(NCC5=CC=CC(N(C)S(C)(=O)=O)=C5)=N4)C=C3)C(C)(C)C)C=C2)SC=N1,19,6.574901357,266.1329,0.2661329,2.66E-07,5.964374263,1085.4898,1.0854898,1.09E-06
1658,P01116,P40337,C=C(F)C(=O)N1CCN(C2=NC(OC[C@@H]3CCCN3CCCOCCC(=O)N[C@H](C(=O)N3C[C@H](O)C[C@H]3C(=O)NCC3=CC=C(C4=C(C)N=CS4)C=C3)C(C)(C)C)=NC3=C2CCN(C2=CC=CC4=CC=CC(Cl)=C24)C3)C[C@@H]1CC#N,19,5.61463486,2428.6512,2.4286512,2.43E-06,5.779071194,1663.14,1.66314,1.66E-06
271,Q05397,Q96SW2,CN(C1=CC=CC(CNC2=NC(NC3=CC=C(OCCCOCCC(=O)NCCOC4=CC=CC5=C4C(=O)N(C4CCC(=O)NC4=O)C5=O)C=C3)=NC=C2C(F)(F)F)=C1)S(C)(=O)=O,3,7.451355532,35.3708,0.0353708,3.54E-08,7.166869062,68.0975,0.0680975,6.81E-08
272,Q05397,Q96SW2,CN(C1=CC=CC(CNC2=NC(NC3=CC=C(OCCOCCOCCC(=O)NCCOC4=CC=CC5=C4C(=O)N(C4CCC(=O)NC4=O)C5=O)C=C3)=NC=C2C(F)(F)F)=C1)S(C)(=O)=O,3,7.25063992,56.1513,0.0561513,5.62E-08,6.955628171,110.7572,0.1107572,1.11E-07
273,Q05397,Q96SW2,CN(C1=CC=CC(CNC2=NC(NC3=CC=C(OCCOCCOCCOCCOCCC(=O)NCCOC4=CC=CC5=C4C(=O)N(C4CCC(=O)NC4=O)C5=O)C=C3)=NC=C2C(F)(F)F)=C1)S(C)(=O)=O,3,7.163554841,68.6191,0.0686191,6.86E-08,6.7323787,185.1916,0.1851916,1.85E-07
276,P00533,P40337,COC1=CC2=NC=NC(NC3=CC=C(F)C(Cl)=C3)=C2C=C1OCCCCCOCCOCCC(=O)N[C@H](C(=O)N1C[C@H](O)C[C@H]1C(=O)NCC1=CC=C(C2=C(C)N=CS2)C=C1)C(C)(C)C,19,6.613493487,243.5042,0.2435042,2.44E-07,5.733960373,1845.1838,1.8451838,1.85E-06
277,P00533,P40337,CC1=C(C2=CC=C(CNC(=O)[C@@H]3C[C@@H](O)CN3C(=O)[C@@H](NC(=O)CCCCCOCCCCOCCCCOC3=CC4=NC=NC(NC5=CC=C(F)C(Cl)=C5)=C4C=C3NC(=O)/C=C/CN(C)C)C(C)(C)C)C=C2)SC=N1,19,6.158990433,693.4411,0.6934411,6.93E-07,5.774156593,1682.0675,1.6820675,1.68E-06
280,Q06187,Q96SW2,NC1=NC=NC2=C1C(C1=CC=C(OC3=CC=CC=C3)C=C1)=NN2C1CCN(CCCCCCOCCOCC(=O)NC2=CC=CC3=C2C(=O)N(C2CCC(=O)NC2=O)C3=O)CC1,2,6.895003024,127.3494,0.1273494,1.27E-07,6.709485674,195.2155,0.1952155,1.95E-07
281,Q06187,Q96SW2,NC1=NC=NC2=C1C(C1=CC=C(OC3=CC=CC=C3)C=C1)=NN2C1CCN(CCCCOCCCCOCC(=O)NC2=CC=CC3=C2C(=O)N(C2CCC(=O)NC2=O)C3=O)CC1,2,6.591723672,256.0214,0.2560214,2.56E-07,6.95171253,111.7603,0.1117603,1.12E-07
284,Q06187,Q96SW2,NC1=NC=NC2=C1C(C1=CC=C(OC3=CC=CC=C3)C=C1)=NN2C1CCN(CCCCOCCCCOCC(=O)NC2=CC=C3C(=O)N(C4CCC(=O)NC4=O)C(=O)C3=C2)CC1,76,6.449208498,355.4606,0.3554606,3.55E-07,6.6952355,201.7272,0.2017272,2.02E-07
282,Q06187,Q96SW2,NC1=NC=NC2=C1C(C1=CC=C(OC3=CC=CC=C3)C=C1)=NN2C1CCN(CCCOCCCOCCC(=O)NC2=CC=CC3=C2C(=O)N(C2CCC(=O)NC2=O)C3=O)CC1,2,6.81439354,153.3227,0.1533227,1.53E-07,7.109274064,77.7546,0.0777546,7.78E-08
285,O15264,Q96SW2,COC1=CC2=C(OC3=CC=C(NC(=O)C4(C(=O)NC5=CC=C(F)C=C5)CC4)C=C3F)C=CN=C2C=C1OCCCOCCCOCCC(=O)NCCOC1=CC=CC2=C1C(=O)N(C1CCC(=O)NC1=O)C2=O,3,6.485421613,327.0231,0.3270231,3.27E-07,6.841306544,144.1098,0.1441098,1.44E-07
2498,P10275,Q96SW2,N#CC1=CC=C(O[C@H]2CC[C@H](NC(=O)C3=CC=C(NCCCCCCNC4=CC=C5C(=O)N(C6CCC(=O)NC6=O)C(=O)C5=C4)C=C3)CC2)C=C1Cl,76,6.721404283,189.9309,0.1899309,1.90E-07,7.512849731,30.7008,0.0307008,3.07E-08
2496,P10275,Q96SW2,N#CC1=CC=C(O[C@H]2CC[C@H](NC(=O)C3=CC=C(NCCCCNC4=CC=C5C(=O)N(C6CCC(=O)NC6=O)C(=O)C5=C4)C=C3)CC2)C=C1Cl,76,7.129775866,74.1693,0.0741693,7.42E-08,7.790076867,16.2152,0.0162152,1.62E-08
336,P25440,P40337,CC1=C(C2=CC=C(CNC(=O)[C@@H]3C[C@@H](O)CN3C(=O)[C@@H](NC(=O)COCCOCCOCCOCCNC(=O)C[C@@H]3N=C(C4=CC=C(Cl)C=C4)C4=C(SC(C)=C4C)N4C(C)=NN=C34)C(C)(C)C)C=C2)SC=N1,19,5.946299112,1131.6207,1.1316207,1.13E-06,5.49822466,3175.2311,3.1752311,3.18E-06
336,Q15059,P40337,CC1=C(C2=CC=C(CNC(=O)[C@@H]3C[C@@H](O)CN3C(=O)[C@@H](NC(=O)COCCOCCOCCOCCNC(=O)C[C@@H]3N=C(C4=CC=C(Cl)C=C4)C4=C(SC(C)=C4C)N4C(C)=NN=C34)C(C)(C)C)C=C2)SC=N1,19,5.748383961,1784.9088,1.7849088,1.78E-06,5.49822466,3175.2311,3.1752311,3.18E-06
336,O60885,P40337,CC1=C(C2=CC=C(CNC(=O)[C@@H]3C[C@@H](O)CN3C(=O)[C@@H](NC(=O)COCCOCCOCCOCCNC(=O)C[C@@H]3N=C(C4=CC=C(Cl)C=C4)C4=C(SC(C)=C4C)N4C(C)=NN=C34)C(C)(C)C)C=C2)SC=N1,19,6.050510436,890.204,0.890204,8.90E-07,5.49822466,3175.2311,3.1752311,3.18E-06
1653,Q15059,P40337,CC(=O)N1C2=CC=C(C3=CC=C(C(=O)NCCOCCOCCOCCOCC(=O)N[C@H](C(=O)N4C[C@H](O)C[C@H]4C(=O)NCC4=CC=C(C5=C(C)N=CS5)C=C4)C(C)(C)C)C=C3)C=C2[C@H](NC2=CC=C(Cl)C=C2)C[C@@H]1C,19,5.671306368,2131.5407,2.1315407,2.13E-06,5.137850627,7280.3016,7.2803016,7.28E-06
1653,O60885,P40337,CC(=O)N1C2=CC=C(C3=CC=C(C(=O)NCCOCCOCCOCCOCC(=O)N[C@H](C(=O)N4C[C@H](O)C[C@H]4C(=O)NCC4=CC=C(C5=C(C)N=CS5)C=C4)C(C)(C)C)C=C3)C=C2[C@H](NC2=CC=C(Cl)C=C2)C[C@@H]1C,19,5.758157021,1745.1911,1.7451911,1.75E-06,5.137850627,7280.3016,7.2803016,7.28E-06
339,O60885,Q96SW2,CC1=C(C)C2=C(S1)N1C(C)=NN=C1[C@H](CC(=O)NCCCCCCCCNC(=O)COC1=CC=CC3=C1C(=O)N(C1CCC(=O)NC1=O)C3=O)N=C2C1=CC=C(Cl)C=C1,3,6.721677265,189.8116,0.1898116,1.90E-07,6.511927935,307.6607,0.3076607,3.08E-07
2495,P10275,Q96SW2,N#CC1=CC=C(O[C@H]2CC[C@H](NC(=O)C3=CC=C(NCCCNC4=CC=C5C(=O)N(C6CCC(=O)NC6=O)C(=O)C5=C4)C=C3)CC2)C=C1Cl,76,6.988893624,102.5903,0.1025903,1.03E-07,7.833624794,14.6681,0.0146681,1.47E-08
3744,P25440,Q96SW2,CC1=NN=C2COCC3=C(SC(C#CC4=CN(C5CCN(C6=CC=CC7=C6C(=O)N(C6CCC(=O)NC6=O)C7=O)CC5)N=C4)=C3CC3=CC=CC=C3)N12,3,6.515181881,305.3642,0.3053642,3.05E-07,6.818216922,151.9788,0.1519788,1.52E-07
3744,Q15059,Q96SW2,CC1=NN=C2COCC3=C(SC(C#CC4=CN(C5CCN(C6=CC=CC7=C6C(=O)N(C6CCC(=O)NC6=O)C7=O)CC5)N=C4)=C3CC3=CC=CC=C3)N12,3,6.136355537,730.5408,0.7305408,7.31E-07,6.818216922,151.9788,0.1519788,1.52E-07
3744,O60885,Q96SW2,CC1=NN=C2COCC3=C(SC(C#CC4=CN(C5CCN(C6=CC=CC7=C6C(=O)N(C6CCC(=O)NC6=O)C7=O)CC5)N=C4)=C3CC3=CC=CC=C3)N12,3,7.146938689,71.2954,0.0712954,7.13E-08,6.818216922,151.9788,0.1519788,1.52E-07
2843,Q9UBN7,Q96SW2,O=C(CCCO/N=C1C(=C2/C(=O)N(CC3=CN(CCOCCNC4=CC=CC5=C4C(=O)N(C4CCC(=O)NC4=O)C5=O)N=N3)C3=CC=CC=C23)/NC2=CC=CC=C/12)NO,2,7.979428925,10.4851,0.0104851,1.05E-08,5.519525218,3023.255,3.023255,3.02E-06
1299,P09874,Q96SW2,CN(CCOCCOCCOCCOCCOCCNC1=CC=CC2=C1C(=O)N(C1CCC(=O)NC1=O)C2=O)CC1=CC=C(C2=C3CCNC(=O)C4=C3C(=CC(F)=C4)[NH]2)C=C1,2,6.673689165,211.9878,0.2119878,2.12E-07,6.293498737,508.7463,0.5087463,5.09E-07
1300,P09874,Q96SW2,CN(CCOCCOCCOCCOCCOCCOCCNC1=CC=CC2=C1C(=O)N(C1CCC(=O)NC1=O)C2=O)CC1=CC=C(C2=C3CCNC(=O)C4=C3C(=CC(F)=C4)[NH]2)C=C1,2,6.707577904,196.0749,0.1960749,1.96E-07,6.543579836,286.0356,0.2860356,2.86E-07
1099,P15056,Q96SW2,CCCS(=O)(=O)NC1=CC=C(F)C(N2C=C(C3=CN=CN=C3)C3=NC(N(C)C4CCN(C(=O)CCOCCOCCOCCOCCOCCNC5=CC=CC6=C5C(=O)N(C5CCC(=O)NC5=O)C6=O)CC4)=CC=C32)=C1F,2,7.121244187,75.6407,0.0756407,7.56E-08,6.32037838,478.2133,0.4782133,4.78E-07
1098,P15056,Q96SW2,CCCS(=O)(=O)NC1=CC=C(F)C(N2C=C(C3=CN=CN=C3)C3=NC(N(C)C4CCN(C(=O)CCOCCOCCOCCOCCNC5=CC=CC6=C5C(=O)N(C5CCC(=O)NC5=O)C6=O)CC4)=CC=C32)=C1F,2,6.734581959,184.2545,0.1842545,1.84E-07,6.318912566,479.83,0.47983,4.80E-07
1081,P15056,Q96SW2,CCCS(=O)(=O)NC1=CC=C(F)C(N2C=C(C3=CN=CN=C3)C3=NC(N(C)C4CCN(C(=O)CCOCCOCCOCCNC5=CC=CC6=C5C(=O)N(C5CCC(=O)NC5=O)C6=O)CC4)=CC=C32)=C1F,2,6.813398301,153.6745,0.1536745,1.54E-07,6.747473294,178.8656,0.1788656,1.79E-07
556,Q00987,Q96SW2,CCOC1=CC(C(C)(C)C)=CC=C1C1=N[C@@H](C2=CC=C(Cl)C=C2)[C@@H](C2=CC=C(Cl)C=C2)N1C(=O)N1CCN(CC#CC2=CC=CC3=C2CN(C2CCC(=O)NC2=O)C3=O)CC1,6,7.254182973,55.6951,0.0556951,5.57E-08,5.729082807,1866.0239,1.8660239,1.87E-06
4002,Q9UM73,Q96SW2,COC1=CC(N2CCN(C(=O)CNC3=CC=CC4=C3C(=O)N(C3CCC(=O)NC3=O)C4=O)CC2)=CC=C1NC1=NC=C(Cl)C(NC2=CC=CC=C2S(=O)(=O)C(C)C)=N1,2,7.156721554,69.7073,0.0697073,6.97E-08,6.682460498,207.7493,0.2077493,2.08E-07
1360,Q07817,Q96SW2,CC1(C)CCC(C2=CC=C(Cl)C=C2)=C(CN2CCN(C3=CC=C(C(=O)NS(=O)(=O)C4=CC=C(N[C@H](CCN5CCN(C(=O)CCCN6C=C(COCCOCCNC7=CC=CC8=C7C(=O)N(C7CCC(=O)NC7=O)C8=O)N=N6)CC5)CSC5=CC=CC=C5)C(S(=O)(=O)C(F)(F)F)=C4)C=C3)CC2)C1,2,7.404783153,39.3747,0.0393747,3.94E-08,6.634157039,232.1897,0.2321897,2.32E-07
2005,Q9NWZ3,Q96SW2,CC(C)NC1=CC(N2C=CC3=CC(C#N)=CN=C32)=NC=C1C(=O)N[C@H]1CC[C@H](C(=O)NCCCNC(=O)COC2=CC=CC3=C2C(=O)N(C2CCC(=O)NC2=O)C3=O)CC1,3,7.899533982,12.6028,0.0126028,1.26E-08,7.38278329,41.4206,0.0414206,4.14E-08
2840,Q06187,Q96SW2,O=C1CCC(N2C(=O)C3=CC=CC(NCCOCCOCCOCCNC(=O)N[C@H]4CC[C@@H](NC5=NC=NC6=C5C(C(=O)C5=CC=C(OC7=CC=CC=C7)C=C5Cl)=C[NH]6)CC4)=C3C2=O)C(=O)N1,2,7.128659024,74.3603,0.0743603,7.44E-08,7.42319947,37.7399,0.0377399,3.77E-08
714,O43924,Q96SW2,O=C1CCC(N2C(=O)C3=CC=CC(NCCOCCOCCOCCOCCNC(=O)C4=CC=C(CN(CC5CCNCC5)S(=O)(=O)C5=CC=C(S(=O)(=O)N(CC6=CC=C(Cl)C=C6)C6CCCC6)C=C5)C=C4)=C3C2=O)C(=O)N1,2,8.89774761,1.2655,0.0012655,1.27E-09,6.712422529,193.8998,0.1938998,1.94E-07
2841,Q06187,Q96SW2,O=C1CCC(N2C(=O)C3=CC=CC(NCCOCCOCCOCCOCCNC(=O)N[C@H]4CC[C@@H](NC5=NC=NC6=C5C(C(=O)C5=CC=C(OC7=CC=CC=C7)C=C5Cl)=C[NH]6)CC4)=C3C2=O)C(=O)N1,2,7.168479557,67.8454,0.0678454,6.78E-08,7.208797316,61.8305,0.0618305,6.18E-08
2007,Q9NWZ3,Q96SW2,CC(C)NC1=CC(N2C=CC3=CC(C#N)=CN=C32)=NC=C1C(=O)N[C@H]1CC[C@H](C(=O)NCCCCCNC(=O)COC2=CC=CC3=C2C(=O)N(C2CCC(=O)NC2=O)C3=O)CC1,3,7.902217455,12.5251,0.0125251,1.25E-08,7.592256672,25.5707,0.0255707,2.56E-08
1659,P01116,P40337,C=C(F)C(=O)N1CCN(C2=NC(OC[C@@H]3CCCN3CCC(=O)NCCC(=O)N[C@H](C(=O)N3C[C@H](O)C[C@H]3C(=O)NCC3=CC=C(C4=C(C)N=CS4)C=C3)C(C)(C)C)=NC3=C2CCN(C2=CC=CC4=CC=CC(Cl)=C24)C3)C[C@@H]1CC#N,19,5.425865516,3750.8913,3.7508913,3.75E-06,5.676563021,2105.8963,2.1058963,2.11E-06
797,P51531,P40337,CC1=C(C2=CC=C(CNC(=O)[C@@H]3C[C@@H](O)CN3C(=O)[C@@H](NC(=O)C3(F)CC3)C(C)(C)C)C(OCCC3=CC=C(CN4CCN(C5=CC(C6=CC=CC=C6O)=NN=C5N)CC4)C=C3)=C2)SC=N1,26,5.945377243,1134.0253,1.1340253,1.13E-06,6.04924669,892.7982,0.8927982,8.93E-07
1223,Q06187,Q96SW2,CC1=C(NC(=O)C2=CC=C(C(C)(C)C)C=C2)C=CC=C1C1=CN(C)C(=O)C(NC2=CC=C(C(=O)N3CCN(CCCCCCNC(=O)CNC4=CC=CC5=C4C(=O)N(C4CCC(=O)NC4=O)C5=O)CC3)C=C2)=N1,2,6.863546497,136.9158,0.1369158,1.37E-07,7.113718095,76.963,0.076963,7.70E-08
860,P03372,P40337,CC1=C(C2=CC=C([C@H](C)NC(=O)[C@@H]3C[C@@H](O)CN3C(=O)[C@@H](NC(=O)CCCOC3=CC=C(/C=N/NC(=O)C4=CC=C(OC5=C(C6=CC=C(O)C=C6)SC6=CC(O)=CC=C56)C=C4)C=C3)C(C)(C)C)C=C2)SC=N1,28,6.742612669,180.8787,0.1808787,1.81E-07,5.518682059,3029.1302,3.0291302,3.03E-06
825,P03372,P40337,CC1=C(C2=CC=C([C@H](C)NC(=O)[C@@H]3C[C@@H](O)CN3C(=O)[C@@H](NC(=O)CCCCOC3=CC=C(/C=N/NC(=O)C4=CC=C(C(=O)C5=C(C6=CC=C(O)C=C6)SC6=CC(O)=CC=C56)C=C4)C=C3)C(C)(C)C)C=C2)SC=N1,28,7.128551291,74.3787,0.0743787,7.44E-08,5.633017122,2327.9995,2.3279995,2.33E-06
920,P03372,P40337,CC1=C(C2=CC=C([C@H](C)NC(=O)[C@@H]3C[C@@H](O)CN3C(=O)[C@@H](NC(=O)CCCCOC3=CC=C(CCNC(=O)C4=CC=C(C(=O)C5=C(C6=CC=C(O)C=C6)SC6=CC(O)=CC=C56)C=C4)C=C3)C(C)(C)C)C=C2)SC=N1,28,7.492480725,32.1751,0.0321751,3.22E-08,5.594214364,2545.5735,2.5455735,2.55E-06
937,O75530,P40337,CC1=C(C2=CC=C(CNC(=O)[C@@H]3C[C@@H](O)CN3C(=O)[C@@H](NC(=O)CCCNC(=O)C3=CC=C(C4=CN=C(NCC5=CC=CO5)N5C=NN=C45)C=C3)C(C)(C)C)C=C2)SC=N1,19,6.396078947,401.7178,0.4017178,4.02E-07,5.92084381,1199.9308,1.1999308,1.20E-06
937,Q15910,P40337,CC1=C(C2=CC=C(CNC(=O)[C@@H]3C[C@@H](O)CN3C(=O)[C@@H](NC(=O)CCCNC(=O)C3=CC=C(C4=CN=C(NCC5=CC=CO5)N5C=NN=C45)C=C3)C(C)(C)C)C=C2)SC=N1,19,6.395580787,402.1788,0.4021788,4.02E-07,5.92084381,1199.9308,1.1999308,1.20E-06
937,Q15022,P40337,CC1=C(C2=CC=C(CNC(=O)[C@@H]3C[C@@H](O)CN3C(=O)[C@@H](NC(=O)CCCNC(=O)C3=CC=C(C4=CN=C(NCC5=CC=CO5)N5C=NN=C45)C=C3)C(C)(C)C)C=C2)SC=N1,19,6.735067223,184.0487,0.1840487,1.84E-07,5.92084381,1199.9308,1.1999308,1.20E-06
2833,Q06187,Q96SW2,O=C(CNC1=NC=NC2=C1C(C(=O)C1=CC=C(OC3=CC=CC=C3)C=C1Cl)=C[NH]2)NCCOCCOCCOCCNC1=CC=CC2=C1C(=O)N(C1CCC(=O)NC1=O)C2=O,2,7.453503851,35.1962,0.0351962,3.52E-08,6.764945737,171.8123,0.1718123,1.72E-07
2878,P11362,P40337,COC1=CC(OC)=C(Cl)C(NC(=O)N(C)C2=CC(NC3=CC=C(N4CCN(CC(=O)N[C@H](C(=O)N5C[C@H](O)C[C@H]5C(=O)N[C@@H](C)C5=CC=C(C6=C(C)N=CS6)C=C5)C(C)(C)C)CC4)C=C3)=NC=N2)=C1Cl,28,6.553179702,279.7823,0.2797823,2.80E-07,5.018640742,9579.8621,9.5798621,9.58E-06
2878,P21802,P40337,COC1=CC(OC)=C(Cl)C(NC(=O)N(C)C2=CC(NC3=CC=C(N4CCN(CC(=O)N[C@H](C(=O)N5C[C@H](O)C[C@H]5C(=O)N[C@@H](C)C5=CC=C(C6=C(C)N=CS6)C=C5)C(C)(C)C)CC4)C=C3)=NC=N2)=C1Cl,28,7.771625268,16.919,0.016919,1.69E-08,5.018640742,9579.8621,9.5798621,9.58E-06
3258,P51531,P40337,CC1=C(C2=CC=C([C@H](C)NC(=O)[C@@H]3C[C@@H](O)CN3C(=O)[C@@H](NC(=O)CN3CCN(C4=CC(C5=CC=CC=C5O)=NN=C4N)CC3)C(C)(C)C)C=C2)SC=N1,28,4.933413077,11657.0034,11.6570034,1.17E-05,5.219867889,6027.4291,6.0274291,6.03E-06
968,Q96SW2,P40337,CC1=C(C2=CC=C(CNC(=O)[C@@H]3C[C@@H](O)CN3C(=O)[C@@H](NC(=O)COCCCCCOCCOCCCCCOCC(=O)NCCNC3=CC=CC4=C3C(=O)N(C3CCC(=O)NC3=O)C4=O)C(C)(C)C)C=C2)SC=N1,19,5.670779652,2134.1274,2.1341274,2.13E-06,5.814138661,1534.1271,1.5341271,1.53E-06
2048,P15056,Q96SW2,CCCS(=O)(=O)NC1=CC=C(F)C(N2C=C(C3=CN=CN=C3)C3=NC(N(C)C4CCN(C(=O)CCOCCOCCOCCOCCOCCOCCNC5=CC=CC6=C5C(=O)N(C5CCC(=O)NC5=O)C6=O)CC4)=CC=C32)=C1F,2,6.582208676,261.6925,0.2616925,2.62E-07,6.038135239,915.9352,0.9159352,9.16E-07
1014,Q96SW2,P40337,CC1=C(C2=CC=C(CNC(=O)[C@@H]3C[C@@H](O)CN3C(=O)[C@@H](NC(=O)CCCCCCCCCCNC(=O)CNC3=CC=CC4=C3C(=O)N(C3CCC(=O)NC3=O)C4=O)C(C)(C)C)C=C2)SC=N1,19,5.778148854,1666.6759,1.6666759,1.67E-06,5.847071638,1422.0942,1.4220942,1.42E-06
1015,Q96SW2,P40337,CC1=C(C2=CC=C(CNC(=O)[C@@H]3C[C@@H](O)CN3C(=O)[C@@H](NC(=O)CCCCCCCCCCNC(=O)COC3=CC=CC4=C3C(=O)N(C3CCC(=O)NC3=O)C4=O)C(C)(C)C)C=C2)SC=N1,19,5.636065554,2311.7158,2.3117158,2.31E-06,5.751273596,1773.0721,1.7730721,1.77E-06
2834,Q06187,Q96SW2,O=C(CNC1=NC=NC2=C1C(C(=O)C1=CC=C(OC3=CC=CC=C3)C=C1Cl)=C[NH]2)NCCOCCOCCOCCOCCNC1=CC=CC2=C1C(=O)N(C1CCC(=O)NC1=O)C2=O,2,6.981918901,104.2512,0.1042512,1.04E-07,6.45408063,351.4952,0.3514952,3.51E-07
1154,Q9UBN7,Q96SW2,CCCCN(CC1=CC=C(C(=O)NO)C=C1)C(=O)NC1=CC=C(OCCN2C=C(CNC3=CC=CC4=C3C(=O)N(C3CCC(=O)NC3=O)C4=O)N=N2)C=C1,2,7.682447482,20.7755,0.0207755,2.08E-08,6.237891415,578.2406,0.5782406,5.78E-07
1157,Q9UBN7,Q96SW2,CCCCN(CC1=CC=C(C(=O)NO)C=C1)C(=O)NC1=CC=C(OCCCCCN2C=C(CNC3=CC=CC4=C3C(=O)N(C3CCC(=O)NC3=O)C4=O)N=N2)C=C1,2,7.937204285,11.5557,0.0115557,1.16E-08,6.74221509,181.0443,0.1810443,1.81E-07
1162,Q9UBN7,Q96SW2,CCCCN(CC1=CC=C(C(=O)NO)C=C1)C(=O)NC1=CC=C(OCCN2C=C(CCCNC3=CC=CC4=C3C(=O)N(C3CCC(=O)NC3=O)C4=O)N=N2)C=C1,2,8.204503517,6.2445,0.0062445,6.24E-09,6.408743918,390.172,0.390172,3.90E-07
1181,Q9UBN7,P40337,CCCCN(CC1=CC=C(C(=O)NO)C=C1)C(=O)NC1=CC=C(OCCCCCCCCCCCN2C=C(CCCCC(=O)N[C@H](C(=O)N3C[C@H](O)C[C@H]3C(=O)NCC3=CC=C(C4=C(C)N=CS4)C=C3)C(C)(C)C)N=N2)C=C1,19,6.852926474,140.3051,0.1403051,1.40E-07,5.771757312,1691.3858,1.6913858,1.69E-06
1182,Q9UBN7,P40337,CCCCN(CC1=CC=C(C(=O)NO)C=C1)C(=O)NC1=CC=C(OCCCCCCCCCCCCN2C=C(CCCCC(=O)N[C@H](C(=O)N3C[C@H](O)C[C@H]3C(=O)NCC3=CC=C(C4=C(C)N=CS4)C=C3)C(C)(C)C)N=N2)C=C1,19,6.96917796,107.3549,0.1073549,1.07E-07,5.859277043,1382.6841,1.3826841,1.38E-06
1834,P14902,Q96SW2,O=C1CCC(N2C(=O)C3=CC=CC(NCCOCCOCCOCCOCCOCCOCCOCCNCCNC4=NON=C4/C(=N\O)NC4=CC=C(F)C(Br)=C4)=C3C2=O)C(=O)N1,2,9.376650414,0.4201,0.0004201,4.20E-10,6.535050477,291.7088,0.2917088,2.92E-07
2499,P10275,Q96SW2,N#CC1=CC=C(O[C@H]2CC[C@H](NC(=O)C3=CC=C(NCCCCCCCNC4=CC=C5C(=O)N(C6CCC(=O)NC6=O)C(=O)C5=C4)C=C3)CC2)C=C1Cl,76,6.751158539,177.3542,0.1773542,1.77E-07,7.610788188,24.5026,0.0245026,2.45E-08
1380,Q06187,Q96SW2,NC1=NC=NC2=C1C(C1=CC=C(OC3=CC=CC=C3)C=C1)=NN2[C@@H]1CCCN(C(=O)CCCCCCOCCOCCOCCOCCOC2=CC=CC3=C2C(=O)N(C2CCC(=O)NC2=O)C3=O)C1,3,6.236557371,580.0195,0.5800195,5.80E-07,6.910866707,122.7816,0.1227816,1.23E-07
1381,Q06187,Q96SW2,NC1=NC=NC2=C1C(C1=CC=C(OC3=CC=CC=C3)C=C1)=NN2[C@@H]1CCCN(C(=O)/C=C/COCCOCCOCCOCCOCCOC2=CC=CC3=C2C(=O)N(C2CCC(=O)NC2=O)C3=O)C1,3,6.851942275,140.6234,0.1406234,1.41E-07,6.528402873,296.2082,0.2962082,2.96E-07
1383,Q06187,Q96SW2,N#C/C(=C/COCCOCCOCCOCCOCCOC1=CC=CC2=C1C(=O)N(C1CCC(=O)NC1=O)C2=O)C(=O)N1CCC[C@@H](N2N=C(C3=CC=C(OC4=CC=CC=C4)C=C3)C3=C(N)N=CN=C32)C1,3,6.637952137,230.1695,0.2301695,2.30E-07,7.01643132,96.2872,0.0962872,9.63E-08
1382,Q06187,Q96SW2,NC1=NC=NC2=C1C(C1=CC=C(OC3=CC=CC=C3)C=C1)=NN2[C@@H]1CCCN(C(=O)/C=C/CCCCOCCOCCOCCOCCOC2=CC=CC3=C2C(=O)N(C2CCC(=O)NC2=O)C3=O)C1,3,6.431889456,369.9223,0.3699223,3.70E-07,6.835064937,146.1959,0.1461959,1.46E-07
1384,Q06187,Q96SW2,N#C/C(=C/CCCCOCCOCCOCCOCCOC1=CC=CC2=C1C(=O)N(C1CCC(=O)NC1=O)C2=O)C(=O)N1CCC[C@@H](N2N=C(C3=CC=C(OC4=CC=CC=C4)C=C3)C3=C(N)N=CN=C32)C1,3,6.839608045,144.6745,0.1446745,1.45E-07,6.771809586,169.1182,0.1691182,1.69E-07
1385,Q06187,Q96SW2,CC(C)(/C=C(/C#N)C(=O)N1CCC[C@@H](N2N=C(C3=CC=C(OC4=CC=CC=C4)C=C3)C3=C(N)N=CN=C32)C1)CCCOCCOCCOCCOCCOC1=CC=CC2=C1C(=O)N(C1CCC(=O)NC1=O)C2=O,3,7.226273077,59.3919,0.0593919,5.94E-08,6.580570447,262.6815,0.2626815,2.63E-07
1429,P10275,P40337,CC1=C(C2=CC=C(CNC(=O)[C@@H]3C[C@@H](O)CN3C(=O)[C@@H](NC(=O)COCCCOCCCCCOC3=CC=C(N4C(=O)N(C5=CC=C(C#N)C(C(F)(F)F)=C5)C(=O)C4(C)C)C=C3)C(C)(C)C)C=C2)SC=N1,19,6.314080079,485.199,0.485199,4.85E-07,5.602302658,2498.6035,2.4986035,2.50E-06
1584,P10275,P40337,CC1=C(C2=CC=C(CNC(=O)[C@@H]3C[C@@H](O)CN3C(=O)[C@@H](NC(=O)COCCCOCCCCCOC3=CC=C(N4C(=S)N(C5=CN=C(C#N)C(C(F)(F)F)=C5)C(=O)C4(C)C)C=C3)C(C)(C)C)C=C2)SC=N1,19,6.875685587,133.1418,0.1331418,1.33E-07,5.851924406,1406.2923,1.4062923,1.41E-06
1586,P10275,P40337,CC1=C(C2=CC=C([C@H](C)NC(=O)[C@@H]3C[C@@H](O)CN3C(=O)[C@@H](NC(=O)COCCCOCCCCCOC3=C(F)C=C(N4C(=S)N(C5=CC=C(C#N)C(C(F)(F)F)=C5)C(=O)C4(C)C)C=C3F)C(C)(C)C)C=C2)SC=N1,28,6.471313046,337.8212,0.3378212,3.38E-07,5.652206276,2227.377,2.227377,2.23E-06
1430,P10275,P40337,CC1=C(C2=CC=C(CNC(=O)[C@@H]3C[C@@H](O)CN3C(=O)[C@@H](NC(=O)COCCCOCCN3CCC(C4=CC=C(N5C(=S)N(C6=CC=C(C#N)C(C(F)(F)F)=C6)C(=O)C5(C)C)C=C4)CC3)C(C)(C)C)C=C2)SC=N1,19,6.167285904,680.3213,0.6803213,6.80E-07,5.69241917,2030.3964,2.0303964,2.03E-06
1431,P10275,P40337,CC(C)(C)[C@H](NC(=O)COCCCCCOC1=CC=C(C(=O)N[C@H]2C(C)(C)[C@H](OC3=CC=C(C#N)C(Cl)=C3)C2(C)C)C=C1)C(=O)N1C[C@H](O)C[C@H]1C(=O)NCC1=CC=C(C2=CN=CS2)C=C1,23,6.148964568,709.6357,0.7096357,7.10E-07,5.555540008,2782.659,2.782659,2.78E-06
1432,P10275,P40337,CC1=C(C2=CC=C([C@H](C)NC(=O)[C@@H]3C[C@@H](O)CN3C(=O)[C@@H](NC(=O)COCCCCCNC3=CC=C(C(=O)N[C@H]4C(C)(C)[C@H](OC5=CC=C(C#N)C(Cl)=C5)C4(C)C)C=C3)C(C)(C)C)C=C2)SC=N1,28,6.085056696,822.1353,0.8221353,8.22E-07,5.513323876,3066.7341,3.0667341,3.07E-06
1433,P10275,P40337,CC1=C(C2=CC=C(CNC(=O)[C@@H]3C[C@@H](O)CN3C(=O)[C@@H](NC(=O)COCCC3=CC=C(C4=CC=C(C(=O)N[C@H]5C(C)(C)[C@H](OC6=CC=C(C#N)C(Cl)=C6)C5(C)C)C=C4)C=C3)C(C)(C)C)C=C2)SC=N1,19,6.465444531,342.4171,0.3424171,3.42E-07,5.853107073,1402.4679,1.4024679,1.40E-06
1434,P10275,P40337,CC1=C(C2=CC=C(CNC(=O)[C@@H]3C[C@@H](O)CN3C(=O)[C@@H](NC(=O)COCC3=CC=C(OC(=O)N[C@H]4C(C)(C)[C@H](OC5=CC=C(C#N)C(Cl)=C5)C4(C)C)C=C3)C(C)(C)C)C=C2)OC=N1,24,6.728401613,186.8953,0.1868953,1.87E-07,5.54718305,2836.7231,2.8367231,2.84E-06
1461,Q9NWZ3,Q96SW2,O=C1CCC(N2C(=O)C3=CC=C(OCCOCCOCCN4CCN(CC5=CC=C6N=C(NC(=O)C7=CC=CC(C(F)(F)F)=C7)N([C@H]7CC[C@@H](CO)CC7)C6=C5)CC4)C=C3C2=O)C(=O)N1,4,7.31995956,47.8675,0.0478675,4.79E-08,6.620421236,239.6507,0.2396507,2.40E-07
1462,Q9NWZ3,Q96SW2,O=C1CCC(N2C(=O)C3=CC=C(OCCOCCOCCOCCN4CCN(CC5=CC=C6N=C(NC(=O)C7=CC=CC(C(F)(F)F)=C7)N([C@H]7CC[C@@H](CO)CC7)C6=C5)CC4)C=C3C2=O)C(=O)N1,4,7.184126595,65.4445,0.0654445,6.54E-08,6.564302287,272.7079,0.2727079,2.73E-07
1463,Q9NWZ3,Q96SW2,O=C1CCC(N2C(=O)C3=CC=C(N4CCC(CN5CCN(CC6=CC=C7N=C(NC(=O)C8=CC=CC(C(F)(F)F)=C8)N([C@H]8CC[C@@H](CO)CC8)C7=C6)CC5)CC4)C=C3C2=O)C(=O)N1,4,7.131715858,73.8387,0.0738387,7.38E-08,6.77768833,166.8444,0.1668444,1.67E-07
1464,Q9NWZ3,Q96SW2,COC1=CC2=NN(C3CCN(CCOCCOC4=CC=C5C(=O)N(C6CCC(=O)NC6=O)C(=O)C5=C4)CC3)C=C2C=C1NC(=O)C1=CC=CC(C(F)(F)F)=N1,4,7.570582966,26.8792,0.0268792,2.69E-08,6.84247943,143.7211,0.1437211,1.44E-07
1466,Q9NWZ3,Q96SW2,O=C1CCC(N2C(=O)C3=CC=C(OC4CCC(CN5CCN(CC6=CC=C7N=C(NC(=O)C8=CC=CC(C(F)(F)F)=C8)N([C@H]8CC[C@@H](CO)CC8)C7=C6)CC5)CC4)C=C3C2=O)C(=O)N1,4,7.391794365,40.5701,0.0405701,4.06E-08,6.706434514,196.5918,0.1965918,1.97E-07
1587,P10275,P40337,CC1=C(C2=CC=C(CNC(=O)[C@@H]3C[C@@H](O)CN3C(=O)[C@@H](NC(=O)COCCCOCCCCOC3=CC=C(N4C(=S)N(C5=CC=C(C#N)C(C(F)(F)F)=C5)C(=O)C4(C)C)C=C3F)C(C)(C)C)C=C2)SC=N1,19,6.781718553,165.3033,0.1653033,1.65E-07,5.913490884,1220.4194,1.2204194,1.22E-06
1588,P10275,P40337,CC1=C(C2=CC=C(CNC(=O)[C@@H]3C[C@@H](O)CN3C(=O)[C@@H](NC(=O)COCCCOCCCCOC3=CC=C(N4C(=S)N(C5=CN=C(C#N)C(C(F)(F)F)=C5)C(=O)C4(C)C)C=C3)C(C)(C)C)C=C2)SC=N1,19,6.879959349,131.838,0.131838,1.32E-07,5.864554029,1365.9851,1.3659851,1.37E-06
1589,P10275,P40337,CC1=C(C2=CC=C(CNC(=O)[C@@H]3C[C@@H](O)CN3C(=O)[C@@H](NC(=O)COCCCOCCCCOC3=CC=C(N4C(=S)N(C5=CC=C(C#N)C(Cl)=C5)C(=O)C4(C)C)C=C3)C(C)(C)C)C=C2)SC=N1,19,6.519345688,302.4505,0.3024505,3.02E-07,5.63130351,2337.2033,2.3372033,2.34E-06
1590,P10275,P40337,CC1=C(C2=CC=C(CNC(=O)[C@@H]3C[C@@H](O)CN3C(=O)[C@@H](NC(=O)COCCCOCCCCOC3=CC=C(C4=CC=C(N5C(=S)N(C6=CC=C(C#N)C(C(F)(F)F)=C6)C(=O)C5(C)C)C=C4)C=C3)C(C)(C)C)C=C2)SC=N1,19,6.493454615,321.0298,0.3210298,3.21E-07,5.626316554,2364.1958,2.3641958,2.36E-06
1651,Q15059,P40337,CC(=O)N1C2=CC=C(C3=CC=C(C(=O)NCCOCCOCC(=O)N[C@H](C(=O)N4C[C@H](O)C[C@H]4C(=O)NCC4=CC=C(C5=C(C)N=CS5)C=C4)C(C)(C)C)C=C3)C=C2[C@H](NC2=CC=C(Cl)C=C2)C[C@@H]1C,19,5.277417207,5279.3784,5.2793784,5.28E-06,5.416345758,3834.0188,3.8340188,3.83E-06
1651,O60885,P40337,CC(=O)N1C2=CC=C(C3=CC=C(C(=O)NCCOCCOCC(=O)N[C@H](C(=O)N4C[C@H](O)C[C@H]4C(=O)NCC4=CC=C(C5=C(C)N=CS5)C=C4)C(C)(C)C)C=C3)C=C2[C@H](NC2=CC=C(Cl)C=C2)C[C@@H]1C,19,5.5292049,2956.6172,2.9566172,2.96E-06,5.416345758,3834.0188,3.8340188,3.83E-06
1654,P25440,P40337,CC1=C(C2=CC=C(CNC(=O)[C@@H]3C[C@@H](O)CN3C(=O)[C@@H](NC(=O)COCCOCCNC(=O)C[C@@H]3N=C(C4=CC=C(Cl)C=C4)C4=C(SC(C)=C4C)N4C(C)=NN=C34)C(C)(C)C)C=C2)SC=N1,19,6.049392981,892.4975,0.8924975,8.92E-07,5.308008775,4920.2959,4.9202959,4.92E-06
1654,Q15059,P40337,CC1=C(C2=CC=C(CNC(=O)[C@@H]3C[C@@H](O)CN3C(=O)[C@@H](NC(=O)COCCOCCNC(=O)C[C@@H]3N=C(C4=CC=C(Cl)C=C4)C4=C(SC(C)=C4C)N4C(C)=NN=C34)C(C)(C)C)C=C2)SC=N1,19,5.897562172,1266.012,1.266012,1.27E-06,5.308008775,4920.2959,4.9202959,4.92E-06
1654,O60885,P40337,CC1=C(C2=CC=C(CNC(=O)[C@@H]3C[C@@H](O)CN3C(=O)[C@@H](NC(=O)COCCOCCNC(=O)C[C@@H]3N=C(C4=CC=C(Cl)C=C4)C4=C(SC(C)=C4C)N4C(C)=NN=C34)C(C)(C)C)C=C2)SC=N1,19,6.157855544,695.2555,0.6952555,6.95E-07,5.308008775,4920.2959,4.9202959,4.92E-06
1655,Q05397,Q96SW2,COC1=CC(C(=O)NCCOCCOCCOCCC(=O)NC2=CC=CC3=C2C(=O)N(C2CCC(=O)NC2=O)C3=O)=CC=C1NC1=NC=C(C(F)(F)F)C(OC2=CC=CC3=C2C(=O)CC3)=N1,2,7.125060292,74.979,0.074979,7.50E-08,6.633995068,232.2763,0.2322763,2.32E-07
1660,P01116,P40337,C=C(F)C(=O)N1CCN(C2=NC(OC[C@@H]3CCCN3CCCCOCCC(=O)N[C@H](C(=O)N3C[C@H](O)C[C@H]3C(=O)NCC3=CC=C(C4=C(C)N=CS4)C=C3)C(C)(C)C)=NC3=C2CCN(C2=CC=CC4=CC=CC(Cl)=C24)C3)C[C@@H]1CC#N,19,5.634416037,2320.5128,2.3205128,2.32E-06,5.790479686,1620.0198,1.6200198,1.62E-06
1675,P09874,Q96SW2,O=C(CCCCCCCCCCC(=O)N1CCN(C(=O)C2=CC(CC3=N[NH]C(=O)C4=CC=CC=C34)=CC=C2F)CC1)NCCNC1=CC=CC2=C1C(=O)N(C1CCC(=O)NC1=O)C2=O,2,7.464302852,34.3318,0.0343318,3.43E-08,7.006715518,98.4656,0.0984656,9.85E-08
1716,Q9Y616,Q96SW2,CC(C)C1=C2C(N[C@H]3CC[C@@H](N4CCN(C(=O)CCC(=O)N5CCC(CN6CCN(C7=CC=C8C(=O)N(C9CCC(=O)NC9=O)C(=O)C8=C7)CC6)CC5)CC4)CC3)=NC=NN2C=C1,4,8.77337635,1.6851,0.0016851,1.69E-09,6.519963023,302.0209,0.3020209,3.02E-07
1717,Q9Y616,Q96SW2,CC(C)C1=C2C(N[C@H]3CC[C@@H](N4CCN(C(=O)CCC(=O)N5CCC(CCN6CCN(C7=CC=C8C(=O)N(C9CCC(=O)NC9=O)C(=O)C8=C7)CC6)CC5)CC4)CC3)=NC=NN2C=C1,4,8.131143692,7.3936,0.0073936,7.39E-09,6.443815307,359.9024,0.3599024,3.60E-07
1782,O14744,P40337,CC1=C(C2=CC=C([C@H](C)NC(=O)[C@@H]3C[C@@H](O)CN3C(=O)[C@@H](NC(=O)COCCOCCOCCOCCOCC(=O)N3CC(NC4=CC(C(=O)NC[C@H](O)CN5CCC6=CC=CC=C6C5)=NC=N4)C3)C(C)(C)C)C=C2)SC=N1,28,7.437784026,36.4935,0.0364935,3.65E-08,4.926262125,11850.5328,11.8505328,1.19E-05
1787,O60885,P40337,CC1=C(C2=CC=C(CNC(=O)[C@@H]3C[C@@H](O)CN3C(=O)[C@@H](NC(=O)COCCC3=CC(N)=CC(OCCNC(=O)C4=CC5=C(C=C4CS(C)(=O)=O)C4=CN(C)C(=O)C6=C4C(=C[NH]6)CN5C4=NC=C(F)C=C4F)=C3)C(C)(C)C)C=C2)SC=N1,19,6.585139455,259.9325,0.2599325,2.60E-07,5.952373536,1115.903,1.115903,1.12E-06
1788,O60885,P40337,CC1=C(C2=CC=C(CNC(=O)[C@@H]3C[C@@H](O)CN3C(=O)[C@@H](NC(=O)COCCC3=CC(O)=CC(OCCNC(=O)C4=CC5=C(C=C4CS(C)(=O)=O)C4=CN(C)C(=O)C6=C4C(=C[NH]6)CN5C4=NC=C(F)C=C4F)=C3)C(C)(C)C)C=C2)SC=N1,19,6.474640327,335.243,0.335243,3.35E-07,6.115837648,765.8829,0.7658829,7.66E-07
1793,O60885,P40337,CC1=C(C2=CC=C(CNC(=O)[C@@H]3C[C@@H](O)CN3C(=O)[C@@H](NC(=O)COCCC3=CC(N)=CC(OCCNC(=O)C[C@@H]4N=C(C5=CC=C(Cl)C=C5)C5=C(SC(C)=C5C)N5C(C)=NN=C45)=C3)C(C)(C)C)C=C2)SC=N1,19,6.303573113,497.0807,0.4970807,4.97E-07,5.753643982,1763.421,1.763421,1.76E-06
1794,O60885,P40337,CC1=C(C2=CC=C(CNC(=O)[C@@H]3C[C@@H](O)CN3C(=O)[C@@H](NC(=O)COC[C@@H]3CNC[C@H](COCCNC(=O)C[C@@H]4N=C(C5=CC=C(Cl)C=C5)C5=C(SC(C)=C5C)N5C(C)=NN=C45)C3)C(C)(C)C)C=C2)SC=N1,19,6.070551096,850.0587,0.8500587,8.50E-07,5.760842809,1734.4317,1.7344317,1.73E-06
1795,O60885,P40337,CC1=C(C2=CC=C(CNC(=O)[C@@H]3C[C@@H](O)CN3C(=O)[C@@H](NC(=O)CCC3=CC(N)=CC(CCOCCOCC#CC4=CC=C(C5=N[C@@H](CC6=NC=CS6)C6=NN=C(C)N6C6=C5C(C)=C(C)S6)C=C4)=C3)C(C)(C)C)C=C2)SC=N1,19,5.747846691,1787.1183,1.7871183,1.79E-06,5.736629713,1833.8774,1.8338774,1.83E-06
1796,O60885,P40337,CC1=C(C2=CC=C(CNC(=O)[C@@H]3C[C@@H](O)CN3C(=O)[C@@H](NC(=O)CCC3=CC(N)=CC(CCOCCOCC#CC4=CC=C(C5=N[C@@H](CC(=O)NCCS(=O)(=O)O)C6=NN=C(C)N6C6=C5C(C)=C(C)S6)C=C4)=C3)C(C)(C)C)C=C2)SC=N1,19,5.70939559,1952.5601,1.9525601,1.95E-06,5.484707868,3275.6096,3.2756096,3.28E-06
1797,O60885,P40337,CC1=C(C2=CC=C(CNC(=O)[C@@H]3C[C@@H](O)CN3C(=O)[C@@H](NC(=O)COCC#CC#CCNC(=O)C[C@@H]3N=C(C4=CC=C(Cl)C=C4)C4=C(SC(C)=C4C)N4C(C)=NN=C34)C(C)(C)C)C=C2)SC=N1,19,6.093079642,807.087,0.807087,8.07E-07,5.774634409,1680.2178,1.6802178,1.68E-06
1842,P35348,Q96SW2,COC1=CC2=NC(N3CCN(C(=O)C4=CN(CCOCCOCCOCC(=O)NC5=CC=CC6=C5C(=O)N(C5CCC(=O)NC5=O)C6=O)N=N4)CC3)=NC(N)=C2C=C1OC,2,6.231248091,587.1538,0.5871538,5.87E-07,5.876607855,1328.5936,1.3285936,1.33E-06
2003,Q92793,Q96SW2,CNC(=O)N1CCC2=C(C1)C(N1CCCC3=CC(C4=CN(C)N=C4)=C(C(F)F)C=C31)=NN2C1CCN(C(=O)CCOCCOCCOCCOCCNC2=CC=C3C(=O)N(C4CCC(=O)NC4=O)C(=O)C3=C2)CC1,4,6.279713064,525.1543,0.5251543,5.25E-07,6.785658214,163.8105,0.1638105,1.64E-07
2003,Q09472,Q96SW2,CNC(=O)N1CCC2=C(C1)C(N1CCCC3=CC(C4=CN(C)N=C4)=C(C(F)F)C=C31)=NN2C1CCN(C(=O)CCOCCOCCOCCOCCNC2=CC=C3C(=O)N(C4CCC(=O)NC4=O)C(=O)C3=C2)CC1,4,6.2641478,544.3174,0.5443174,5.44E-07,6.785658214,163.8105,0.1638105,1.64E-07
2008,Q9NWZ3,Q96SW2,CC(C)NC1=CC(N2C=CC3=CC(C#N)=CN=C32)=NC=C1C(=O)N[C@H]1CC[C@H](C(=O)NCCOCCNC(=O)COC2=CC=CC3=C2C(=O)N(C2CCC(=O)NC2=O)C3=O)CC1,3,7.525955668,29.7882,0.0297882,2.98E-08,7.219469129,60.3297,0.0603297,6.03E-08
2009,Q9NWZ3,Q96SW2,CC(C)NC1=CC(N2C=CC3=CC(C#N)=CN=C32)=NC=C1C(=O)N[C@H]1CC[C@H](C(=O)NCCOCCOCCNC(=O)COC2=CC=CC3=C2C(=O)N(C2CCC(=O)NC2=O)C3=O)CC1,3,7.254924322,55.6001,0.0556001,5.56E-08,7.020423729,95.4061,0.0954061,9.54E-08
2049,P15056,Q96SW2,CCCS(=O)(=O)NC1=CC=C(F)C(N2C=C(C3=CN=CN=C3)C3=NC(N(C)C4CCN(C(=O)CCOCCOCCOCCOCCOCCOCCOCCOCCNC5=CC=CC6=C5C(=O)N(C5CCC(=O)NC5=O)C6=O)CC4)=CC=C32)=C1F,2,6.39233488,405.196,0.405196,4.05E-07,6.118788601,760.6965,0.7606965,7.61E-07
2050,P15056,Q96SW2,CCCS(=O)(=O)NC1=CC=C(F)C(N2C=C(C3=CN=CN=C3)C3=NC(N(C)C4CCN(C(=O)CCC(=O)NCCCOCCOCCOCCCNC5=CC=CC6=C5C(=O)N(C5CCC(=O)NC5=O)C6=O)CC4)=CC=C32)=C1F,2,6.564779587,272.4083,0.2724083,2.72E-07,6.565330383,272.0631,0.2720631,2.72E-07
2063,P15056,Q96SW2,CCCS(=O)(=O)NC1=CC=C(F)C(N2C=C(C3=CN=CN=C3)C3=NC(N(C)C4CCN(CC(=O)NCCCOCCCCOCCCNC5=CC=CC6=C5C(=O)N(C5CCC(=O)NC5=O)C6=O)CC4)=CC=C32)=C1F,2,6.563992611,272.9024,0.2729024,2.73E-07,6.645465057,226.2221,0.2262221,2.26E-07
2064,P15056,Q96SW2,CCCS(=O)(=O)NC1=CC=C(F)C(N2C=C(C3=CN=CN=C3)C3=NC(N(C)C4CCN(C(=O)CCOCCOCCN5C=C(COCCNC6=CC=CC7=C6C(=O)N(C6CCC(=O)NC6=O)C7=O)N=N5)CC4)=CC=C32)=C1F,2,6.966104497,108.1174,0.1081174,1.08E-07,6.824296367,149.8662,0.1498662,1.50E-07
2065,P15056,Q96SW2,CCCS(=O)(=O)NC1=CC=C(F)C(N2C=C(C3=CN=CN=C3)C3=NC(N(C)C4CCN(C(=O)CCOCCOCCOCCOCC#CC5=CC=CC6=C5CN(C5CCC(=O)NC5=O)C6=O)CC4)=CC=C32)=C1F,6,6.578316207,264.0486,0.2640486,2.64E-07,6.352380868,444.2415,0.4442415,4.44E-07
2073,P15056,P40337,CCCS(=O)(=O)NC1=CC=C(F)C(C(=O)C2=C[NH]C3=NC=C(C4=CC=C(N5CCN(CC(=O)N[C@H](C(=O)N6C[C@H](O)C[C@H]6C(=O)NCC6=CC=C(C7=C(C)N=CS7)C=C6)C(C)(C)C)CC5)C=C4)C=C23)=C1F,19,6.231824164,586.3755,0.5863755,5.86E-07,5.85765547,1387.8564,1.3878564,1.39E-06
3018,P10275,P40337,CC1=C(C2=CC=C([C@H](C)NC(=O)[C@@H]3C[C@@H](O)CN3C(=O)[C@@H](NC(=O)CCCOC3=CC=C(C4=CSC(N5CCOCC5)=N4)C=C3)C(C)(C)C)C=C2)SC=N1,28,6.081058097,829.7398,0.8297398,8.30E-07,4.868949477,13522.2986,13.5222986,1.35E-05
2523,P10275,Q96SW2,CN(C1=CC=C(C#N)C(Cl)=C1)[C@H]1CC[C@H](NC(=O)C2=CC=C(N3CCC(CN4CCN(C5=CC=C6C(=O)N(C7CCC(=O)NC7=O)C(=O)C6=C5)CC4)CC3)C=C2)CC1,4,6.447260298,357.0588,0.3570588,3.57E-07,6.60058449,250.8508,0.2508508,2.51E-07
2131,P51531,P40337,CC1=C(C2=CC=C(CNC(=O)[C@@H]3C[C@@H](O)CN3C(=O)[C@@H](NC(=O)C3(F)CC3)C(C)(C)C)C(OCCC3=CC=C(OCCN4CCN(C5=CC(C6=CC=CC=C6O)=NN=C5N)CC4)C=C3)=C2)SC=N1,26,6.074542869,842.2812,0.8422812,8.42E-07,6.142137446,720.8793,0.7208793,7.21E-07
2131,P51532,P40337,CC1=C(C2=CC=C(CNC(=O)[C@@H]3C[C@@H](O)CN3C(=O)[C@@H](NC(=O)C3(F)CC3)C(C)(C)C)C(OCCC3=CC=C(OCCN4CCN(C5=CC(C6=CC=CC=C6O)=NN=C5N)CC4)C=C3)=C2)SC=N1,26,6.070851963,849.47,0.84947,8.49E-07,6.142137446,720.8793,0.7208793,7.21E-07
2132,P51531,P40337,CC1=C(C2=CC=C(CNC(=O)[C@@H]3C[C@@H](O)CN3C(=O)[C@@H](NC(=O)C3(F)CC3)C(C)(C)C)C(OCCCOC3=CC=C(CN4CCN(C5=CC(C6=CC=CC=C6O)=NN=C5N)CC4)C=C3)=C2)SC=N1,26,5.835038375,1462.048,1.462048,1.46E-06,6.147101352,712.6867,0.7126867,7.13E-07
2132,P51532,P40337,CC1=C(C2=CC=C(CNC(=O)[C@@H]3C[C@@H](O)CN3C(=O)[C@@H](NC(=O)C3(F)CC3)C(C)(C)C)C(OCCCOC3=CC=C(CN4CCN(C5=CC(C6=CC=CC=C6O)=NN=C5N)CC4)C=C3)=C2)SC=N1,26,6.025180814,943.6679,0.9436679,9.44E-07,6.147101352,712.6867,0.7126867,7.13E-07
2133,P51531,P40337,CC1=C(C2=CC=C(CNC(=O)[C@@H]3C[C@@H](O)CN3C(=O)[C@@H](NC(=O)C3(F)CC3)C(C)(C)C)C(OCCCC3=CC=C(CN4CCN(C5=CC(C6=CC=CC=C6O)=NN=C5N)CC4)C=C3)=C2)SC=N1,26,6.293836135,508.3512,0.5083512,5.08E-07,6.163050937,686.9879,0.6869879,6.87E-07
2133,P51532,P40337,CC1=C(C2=CC=C(CNC(=O)[C@@H]3C[C@@H](O)CN3C(=O)[C@@H](NC(=O)C3(F)CC3)C(C)(C)C)C(OCCCC3=CC=C(CN4CCN(C5=CC(C6=CC=CC=C6O)=NN=C5N)CC4)C=C3)=C2)SC=N1,26,5.959297556,1098.2531,1.0982531,1.10E-06,6.163050937,686.9879,0.6869879,6.87E-07
2134,P51531,P40337,CC1=C(C2=CC=C(CNC(=O)[C@@H]3C[C@@H](O)CN3C(=O)[C@@H](NC(=O)C3(F)CC3)C(C)(C)C)C(OCCC3=CC=C(CN4CCN(C5=CC(C6=CC=CC=C6O)=NN=C5N)CC4)C(F)=C3)=C2)SC=N1,26,6.146303919,713.9965,0.7139965,7.14E-07,6.443668664,360.0239,0.3600239,3.60E-07
2134,P51532,P40337,CC1=C(C2=CC=C(CNC(=O)[C@@H]3C[C@@H](O)CN3C(=O)[C@@H](NC(=O)C3(F)CC3)C(C)(C)C)C(OCCC3=CC=C(CN4CCN(C5=CC(C6=CC=CC=C6O)=NN=C5N)CC4)C(F)=C3)=C2)SC=N1,26,6.111175392,774.1491,0.7741491,7.74E-07,6.443668664,360.0239,0.3600239,3.60E-07
2506,P10275,Q96SW2,N#CC1=CC=C(O[C@H]2CC[C@H](NC(=O)C3=CC=C(N4CCN(CCCCNC5=CC=C6C(=O)N(C7CCC(=O)NC7=O)C(=O)C6=C5)CC4)C=C3)CC2)C=C1Cl,76,6.822856924,150.3637,0.1503637,1.50E-07,6.803586083,157.186,0.157186,1.57E-07
2507,P10275,Q96SW2,N#CC1=CC=C(O[C@H]2CC[C@H](NC(=O)C3=CC=C(N4CCN(CCCCCNC5=CC=C6C(=O)N(C7CCC(=O)NC7=O)C(=O)C6=C5)CC4)C=C3)CC2)C=C1Cl,76,6.801741434,157.8551,0.1578551,1.58E-07,7.317010231,48.1936,0.0481936,4.82E-08
3021,P10275,P40337,CC1=C(C2=CC=C([C@H](C)NC(=O)[C@@H]3C[C@@H](O)CN3C(=O)[C@@H](NC(=O)CCCCOC3=CC=C(C4=CSC(N5CCOCC5)=N4)C=C3)C(C)(C)C)C=C2)SC=N1,28,6.425060705,375.7849,0.3757849,3.76E-07,5.084657678,8228.9102,8.2289102,8.23E-06
2842,Q06187,Q96SW2,O=C1CCC(N2C(=O)C3=CC=CC(NCCOCCOCCOCCOCCOCCNC(=O)N[C@H]4CC[C@@H](NC5=NC=NC6=C5C(C(=O)C5=CC=C(OC7=CC=CC=C7)C=C5Cl)=C[NH]6)CC4)=C3C2=O)C(=O)N1,3,6.587956348,258.252,0.258252,2.58E-07,7.164461185,68.4761,0.0684761,6.85E-08
2504,P10275,Q96SW2,N#CC1=CC=C(O[C@H]2CC[C@H](NC(=O)C3=CC=C(N4CCN(CCNC5=CC=C6C(=O)N(C7CCC(=O)NC7=O)C(=O)C6=C5)CC4)C=C3)CC2)C=C1Cl,76,6.89840087,126.3569,0.1263569,1.26E-07,6.905802342,124.2218,0.1242218,1.24E-07
2505,P10275,Q96SW2,N#CC1=CC=C(O[C@H]2CC[C@H](NC(=O)C3=CC=C(N4CCN(CCCNC5=CC=C6C(=O)N(C7CCC(=O)NC7=O)C(=O)C6=C5)CC4)C=C3)CC2)C=C1Cl,76,6.905967806,124.1744,0.1241744,1.24E-07,6.894703505,127.4373,0.1274373,1.27E-07
2512,P10275,Q96SW2,N#CC1=CC=C(O[C@H]2CC[C@H](NC(=O)C3=CC=C(N4CCN(C5CN(C6=CC=C7C(=O)N(C8CCC(=O)NC8=O)C(=O)C7=C6)C5)CC4)C=C3)CC2)C=C1Cl,4,7.256837645,55.3557,0.0553557,5.54E-08,6.747961953,178.6644,0.1786644,1.79E-07
2526,P10275,Q96SW2,CN(C1=CC=C(C#N)C(Cl)=C1)[C@H]1CC[C@H](NC(=O)C2=CC=C(N3CCN(C4CN(C5=CC=C6C(=O)N(C7CCC(=O)NC7=O)C(=O)C6=C5)C4)CC3)C=C2)CC1,4,6.91430669,121.8129,0.1218129,1.22E-07,6.724434599,188.6103,0.1886103,1.89E-07
2511,P10275,Q96SW2,N#CC1=CC=C(O[C@H]2CC[C@H](NC(=O)C3=CC=C(N4CCN(CC5CN(C6=CC=C7C(=O)N(C8CCC(=O)NC8=O)C(=O)C7=C6)C5)CC4)C=C3)CC2)C=C1Cl,4,6.907880236,123.6288,0.1236288,1.24E-07,6.454619982,351.0589,0.3510589,3.51E-07
2525,P10275,Q96SW2,CN(C1=CC=C(C#N)C(Cl)=C1)[C@H]1CC[C@H](NC(=O)C2=CC=C(N3CCN(CC4CN(C5=CC=C6C(=O)N(C7CCC(=O)NC7=O)C(=O)C6=C5)C4)CC3)C=C2)CC1,4,6.931570581,117.0656,0.1170656,1.17E-07,6.673491668,212.0842,0.2120842,2.12E-07
2509,P10275,Q96SW2,N#CC1=CC=C(O[C@H]2CC[C@H](NC(=O)C3=CC=C(N4CCN(C5CCN(C6=CC=C7C(=O)N(C8CCC(=O)NC8=O)C(=O)C7=C6)CC5)CC4)C=C3)CC2)C=C1Cl,4,6.824307784,149.8622,0.1498622,1.50E-07,7.067718201,85.5622,0.0855622,8.56E-08
2524,P10275,Q96SW2,CN(C1=CC=C(C#N)C(Cl)=C1)[C@H]1CC[C@H](NC(=O)C2=CC=C(N3CCN(C4CCN(C5=CC=C6C(=O)N(C7CCC(=O)NC7=O)C(=O)C6=C5)CC4)CC3)C=C2)CC1,4,6.708904938,195.4767,0.1954767,1.95E-07,6.526947481,297.2025,0.2972025,2.97E-07
2508,P10275,Q96SW2,N#CC1=CC=C(O[C@H]2CC[C@H](NC(=O)C3=CC=C(N4CCN(CC5CCN(C6=CC=C7C(=O)N(C8CCC(=O)NC8=O)C(=O)C7=C6)CC5)CC4)C=C3)CC2)C=C1Cl,4,6.829515027,148.0761,0.1480761,1.48E-07,6.952131409,111.6525,0.1116525,1.12E-07
2522,P10275,Q96SW2,CN(C1=CC=C(C#N)C(Cl)=C1)[C@H]1CC[C@H](NC(=O)C2=CC=C(N3CCN(CC4CCN(C5=CC=C6C(=O)N(C7CCC(=O)NC7=O)C(=O)C6=C5)CC4)CC3)C=C2)CC1,4,6.578606339,263.8722,0.2638722,2.64E-07,6.616009461,242.0976,0.2420976,2.42E-07
2510,P10275,Q96SW2,N#CC1=CC=C(O[C@H]2CC[C@H](NC(=O)C3=CC=C(N4CCC(N5CCN(C6=CC=C7C(=O)N(C8CCC(=O)NC8=O)C(=O)C7=C6)CC5)CC4)C=C3)CC2)C=C1Cl,4,6.876577829,132.8685,0.1328685,1.33E-07,6.923867583,119.1605,0.1191605,1.19E-07
2515,P10275,Q96SW2,N#CC1=CC=C(O[C@H]2CCC[C@@H](NC(=O)C3=CC=C(N4CCC(N5CCN(C6=CC=C7C(=O)N(C8CCC(=O)NC8=O)C(=O)C7=C6)CC5)CC4)C=C3)CCC2)C=C1Cl,4,6.685199,206.4434,0.2064434,2.06E-07,6.542564309,286.7053,0.2867053,2.87E-07
2518,P10275,Q96SW2,N#CC1=CC=C(N[C@H]2CC[C@H](NC(=O)C3=CC=C(N4CCC(N5CCN(C6=CC=C7C(=O)N(C8CCC(=O)NC8=O)C(=O)C7=C6)CC5)CC4)C=C3)CC2)C=C1Cl,4,6.617762356,241.1224,0.2411224,2.41E-07,6.682242999,207.8533,0.2078533,2.08E-07
2519,P10275,Q96SW2,CN(C1=CC=C(C#N)C(Cl)=C1)[C@H]1CC[C@H](NC(=O)C2=CC=C(N3CCC(N4CCN(C5=CC=C6C(=O)N(C7CCC(=O)NC7=O)C(=O)C6=C5)CC4)CC3)C=C2)CC1,4,6.486165376,326.4635,0.3264635,3.26E-07,6.50238244,314.4978,0.3144978,3.14E-07
2520,P10275,Q96SW2,CCN(C1=CC=C(C#N)C(Cl)=C1)[C@H]1CC[C@H](NC(=O)C2=CC=C(N3CCC(N4CCN(C5=CC=C6C(=O)N(C7CCC(=O)NC7=O)C(=O)C6=C5)CC4)CC3)C=C2)CC1,4,6.911265489,122.6689,0.1226689,1.23E-07,6.630169329,234.3315,0.2343315,2.34E-07
2521,P10275,Q96SW2,CCCN(C1=CC=C(C#N)C(Cl)=C1)[C@H]1CC[C@H](NC(=O)C2=CC=C(N3CCC(N4CCN(C5=CC=C6C(=O)N(C7CCC(=O)NC7=O)C(=O)C6=C5)CC4)CC3)C=C2)CC1,4,6.595372883,253.8792,0.2538792,2.54E-07,6.444135464,359.6371,0.3596371,3.60E-07
2349,P33981,Q96SW2,CCC(=O)N[C@H]1CC[C@@H](N2C(=O)C=C(C)C3=CN=C(NC4=CC=C(N5CCN(C(=O)CCCCCC#CC6=CC=CC7=C6CN(C6CCC(=O)NC6=O)C7=O)CC5)C=C4OC)N=C32)CC1,6,7.782703374,16.4929,0.0164929,1.65E-08,6.663056513,217.2418,0.2172418,2.17E-07
2350,P33981,Q96SW2,CCC(=O)N[C@H]1CC[C@@H](N2C(=O)C=C(C)C3=CN=C(NC4=CC=C(N5CCN(C(=O)CCCCCCCC#CC6=CC=CC7=C6CN(C6CCC(=O)NC6=O)C7=O)CC5)C=C4OC)N=C32)CC1,6,7.350926527,44.5732,0.0445732,4.46E-08,6.564875475,272.3482,0.2723482,2.72E-07
2351,P33981,Q96SW2,CCC(=O)N[C@H]1CC[C@@H](N2C(=O)C=C(C)C3=CN=C(NC4=CC=C(N5CCN(C(=O)CCCCCCCCCC#CC6=CC=CC7=C6CN(C6CCC(=O)NC6=O)C7=O)CC5)C=C4OC)N=C32)CC1,6,7.220164266,60.2332,0.0602332,6.02E-08,6.411996755,387.2605,0.3872605,3.87E-07
2411,P00533,P40337,CC1=C(C2=CC=C(CNC(=O)[C@@H]3C[C@@H](O)CN3C(=O)[C@@H](NC(=O)CCCCCCCN3C=C(COC4=CC5=NC=NC(NC6=CC=C(F)C(Cl)=C6)=C5C=C4NC(=O)/C=C/CN4CCCCC4)N=N3)C(C)(C)C)C=C2)SC=N1,19,7.114403131,76.8417,0.0768417,7.68E-08,6.058124895,874.7322,0.8747322,8.75E-07
2414,P00533,P40337,CC1=C(C2=CC=C(CNC(=O)[C@@H]3C[C@@H](O)CN3C(=O)[C@@H](NC(=O)CCCCCCCCCCN3C=C(COC4=CC5=NC=NC(NC6=CC=C(F)C(Cl)=C6)=C5C=C4NC(=O)/C=C/CN4CCCCC4)N=N3)C(C)(C)C)C=C2)SC=N1,19,7.117037529,76.377,0.076377,7.64E-08,5.896152644,1270.1276,1.2701276,1.27E-06
2424,O15379,P40337,CC1=C(C2=CC=C(CNC(=O)[C@@H]3C[C@@H](O)CN3C(=O)[C@@H](NC(=O)CCCCCCCCOCC(=O)NC3=CC=C(C(=O)NC4=CC=CC=C4N)C=C3)C(C)(C)C)C=C2)SC=N1,19,6.717337765,191.7177,0.1917177,1.92E-07,5.615407386,2424.3349,2.4243349,2.42E-06
2424,Q13547,P40337,CC1=C(C2=CC=C(CNC(=O)[C@@H]3C[C@@H](O)CN3C(=O)[C@@H](NC(=O)CCCCCCCCOCC(=O)NC3=CC=C(C(=O)NC4=CC=CC=C4N)C=C3)C(C)(C)C)C=C2)SC=N1,19,6.783614112,164.5833,0.1645833,1.65E-07,5.615407386,2424.3349,2.4243349,2.42E-06
2424,Q92769,P40337,CC1=C(C2=CC=C(CNC(=O)[C@@H]3C[C@@H](O)CN3C(=O)[C@@H](NC(=O)CCCCCCCCOCC(=O)NC3=CC=C(C(=O)NC4=CC=CC=C4N)C=C3)C(C)(C)C)C=C2)SC=N1,19,7.460291639,34.6504,0.0346504,3.47E-08,5.615407386,2424.3349,2.4243349,2.42E-06
2426,O15379,P40337,CC1=C(C2=CC=C(CNC(=O)[C@@H]3C[C@@H](O)CN3C(=O)[C@@H](NC(=O)COCCCCCCCCCOCC(=O)NC3=CC=C(C(=O)NC4=CC=CC=C4N)C=C3)C(C)(C)C)C=C2)SC=N1,19,6.48936793,324.065,0.324065,3.24E-07,5.425379405,3755.0921,3.7550921,3.76E-06
2426,Q13547,P40337,CC1=C(C2=CC=C(CNC(=O)[C@@H]3C[C@@H](O)CN3C(=O)[C@@H](NC(=O)COCCCCCCCCCOCC(=O)NC3=CC=C(C(=O)NC4=CC=CC=C4N)C=C3)C(C)(C)C)C=C2)SC=N1,19,6.714082844,193.16,0.19316,1.93E-07,5.425379405,3755.0921,3.7550921,3.76E-06
2501,P10275,Q96SW2,N#CC1=CC=C(O[C@H]2CC[C@H](NC(=O)C3=CC=C(NCCCCCCCCCNC4=CC=C5C(=O)N(C6CCC(=O)NC6=O)C(=O)C5=C4)C=C3)CC2)C=C1Cl,76,6.931176966,117.1718,0.1171718,1.17E-07,7.353669501,44.2925,0.0442925,4.43E-08
3149,P04035,P40337,CC1=C(C2=CC=C(CNC(=O)[C@@H]3C[C@@H](O)CN3C(=O)[C@@H](NC(=O)CCCCCCCCCCNC(=O)O[C@H]3C[C@@H](C)C=C4C=C[C@H](C)[C@H](CCC(O)C[C@@H](O)CC(=O)O)[C@H]43)C(C)(C)C)C=C2)SC=N1,19,7.368586278,42.797,0.042797,4.28E-08,5.626272727,2364.4344,2.3644344,2.36E-06
2527,P10275,Q96SW2,CN(C1=CC=C(C#N)C(Cl)=C1)[C@H]1CC[C@H](NC(=O)C2=CC=C(N3CC(CN4CCN(C5=CC=C6C(=O)N(C7CCC(=O)NC7=O)C(=O)C6=C5)CC4)C3)C=C2)CC1,4,6.703208294,198.0577,0.1980577,1.98E-07,6.749730803,177.9382,0.1779382,1.78E-07
2528,P10275,Q96SW2,CN(C1=CC=C(C#N)C(Cl)=C1)[C@H]1CC[C@H](NC(=O)C2=CC=C(N3CC(N4CCN(C5=CC=C6C(=O)N(C7CCC(=O)NC7=O)C(=O)C6=C5)CC4)C3)C=C2)CC1,4,6.825550413,149.4341,0.1494341,1.49E-07,6.615463673,242.4021,0.2424021,2.42E-07
5634,P61964,Q96SW2,CN1CCN(C2=CC=C(C3=CC=CC(CN4CCN(CCNC(=O)CCCCCCCNC5=CC=CC6=C5C(=O)N(C5CCC(=O)NC5=O)C6=O)CC4)=C3)C=C2NC(=O)C2=C[NH]C(=O)C=C2C(F)(F)F)CC1,2,7.039167152,91.3761,0.0913761,9.14E-08,6.733483791,184.721,0.184721,1.85E-07
2835,Q06187,Q96SW2,O=C(CNC1=NC=NC2=C1C(C(=O)C1=CC=C(OC3=CC=CC=C3)C=C1Cl)=C[NH]2)NCCOCCOCCOCCOCCOCCNC1=CC=CC2=C1C(=O)N(C1CCC(=O)NC1=O)C2=O,2,6.934805969,116.1968,0.1161968,1.16E-07,6.530588012,294.7216,0.2947216,2.95E-07
2836,Q06187,Q96SW2,O=C(CNC1=NC=NC2=C1C(C(=O)C1=CC=C(OC3=CC=CC=C3)C=C1Cl)=C[NH]2)NCCOCCOCCOCCOCCOCCOCCNC1=CC=CC2=C1C(=O)N(C1CCC(=O)NC1=O)C2=O,2,6.468326728,340.1522,0.3401522,3.40E-07,6.767725404,170.7161,0.1707161,1.71E-07
2913,P14174,Q96SW2,O=C1CCC(N2C(=O)C3=CC=CC(NCCCCCCCC(=O)NC4=CC=C(N5CC6=CC=C(O)C=C6OC5=O)C=C4)=C3C2=O)C(=O)N1,2,7.26975878,53.733,0.053733,5.37E-08,6.869120755,135.1697,0.1351697,1.35E-07
3065,P51617,P40337,COC1=CC(N2CCC(OCC(=O)N[C@H](C(=O)N3C[C@H](O)C[C@H]3C(=O)NCC3=CC=C(C4=C(C)N=CS4)C=C3)C(C)(C)C)CC2)=CC=C1NC(=O)C1=CC=CC(C2=CC=N[NH]2)=N1,19,6.272983442,533.3552,0.5333552,5.33E-07,5.429960011,3715.6944,3.7156944,3.72E-06
3066,P51617,P40337,COC1=CC(N2CCC(OCC(=O)N[C@H](C(=O)N3C[C@H](O)C[C@H]3C(=O)N[C@@H](C)C3=CC=C(C4=C(C)N=CS4)C=C3)C(C)(C)C)CC2)=CC=C1NC(=O)C1=CC=CC(C2=CC=N[NH]2)=N1,28,6.120178689,758.2655,0.7582655,7.58E-07,5.085594329,8211.1819,8.2111819,8.21E-06
3070,P51617,P40337,COC1=CC(N2CC[C@@H](OCC(=O)N[C@H](C(=O)N3C[C@H](O)C[C@H]3C(=O)N[C@@H](C)C3=CC=C(C4=C(C)N=CS4)C=C3)C(C)(C)C)C[C@@H]2C)=CC=C1NC(=O)C1=CC=CC(C2=CC=N[NH]2)=N1,28,5.883701308,1307.0695,1.3070695,1.31E-06,5.251725949,5601.1093,5.6011093,5.60E-06
3071,P51617,P40337,COC1=CC(N2CC[C@@H](OCC(=O)N[C@H](C(=O)N3C[C@H](O)C[C@H]3C(=O)N[C@@H](C)C3=CC=C(C4=C(C)N=CS4)C=C3)C(C)(C)C)[C@H](C)C2)=CC=C1NC(=O)C1=CC=CC(C2=CC=N[NH]2)=N1,28,6.088115886,816.3645,0.8163645,8.16E-07,5.300791354,5002.7482,5.0027482,5.00E-06
3067,P51617,P40337,COC1=CC(N2CCN(C(=O)OCC(=O)N[C@H](C(=O)N3C[C@H](O)C[C@H]3C(=O)NCC3=CC=C(C4=C(C)N=CS4)C=C3)C(C)(C)C)CC2)=CC=C1NC(=O)C1=CC=CC(C2=CC=N[NH]2)=N1,19,6.336325742,460.9717,0.4609717,4.61E-07,5.341215184,4558.1101,4.5581101,4.56E-06
3068,P51617,P40337,COC1=CC(N2CCN(C(=O)OCC(=O)N[C@H](C(=O)N3C[C@H](O)C[C@H]3C(=O)N[C@@H](C)C3=CC=C(C4=C(C)N=CS4)C=C3)C(C)(C)C)CC2)=CC=C1NC(=O)C1=CC=CC(C2=CC=N[NH]2)=N1,28,5.945083707,1134.7921,1.1347921,1.13E-06,5.068827339,8534.3935,8.5343935,8.53E-06
3150,O60885,Q96SW2,CC1=NN=C2N1C1=CC=C(C3=CN(CCCCCCCN4CCC(C5=CC=CC6=C5CN(C5CCC(=O)NC5=O)C6=O)CC4)N=C3)C=C1C(C1=CC=C(Cl)C=C1)=NC21CC1,6,6.482517154,329.2174,0.3292174,3.29E-07,6.473540979,336.0927,0.3360927,3.36E-07
3171,P10275,Q96SW2,CC1(C)C(=O)N(C2=CC=C(C#N)C(C(F)(F)F)=C2)C(=S)N1C1=CC=C(C2=CC=C(O[C@@H]3CCN(C(=O)C4CCN(C5=CC=C6C(=O)N(C7CCC(=O)NC7=O)C(=O)C6=C5)CC4)C3)C=C2)C=C1,4,7.176322373,66.6312,0.0666312,6.66E-08,6.846871948,142.2748,0.1422748,1.42E-07
3213,Q07817,P40337,CC1=C(C2=CC=C([C@H](C)NC(=O)[C@@H]3C[C@@H](O)CN3C(=O)[C@@H](NC(=O)CCCC(=O)N3CCN(CC4(C)CCC(C5=CC=C(Cl)C=C5)=C(CN5CCN(C6=CC=C(C(=O)NS(=O)(=O)C7=CC=C(N[C@H](CCN8CCOCC8)CSC8=CC=CC=C8)C(S(=O)(=O)C(F)(F)F)=C7)C=C6)CC5)C4)CC3)C(C)(C)C)C=C2)SC=N1,28,6.90846774,123.4617,0.1234617,1.23E-07,5.76924318,1701.2057,1.7012057,1.70E-06
3214,Q07817,P40337,CC1=C(C2=CC=C([C@H](C)NC(=O)[C@@H]3C[C@@H](O)CN3C(=O)[C@@H](NC(=O)CCCCC(=O)N3CCN(CC4(C)CCC(C5=CC=C(Cl)C=C5)=C(CN5CCN(C6=CC=C(C(=O)NS(=O)(=O)C7=CC=C(N[C@H](CCN8CCOCC8)CSC8=CC=CC=C8)C(S(=O)(=O)C(F)(F)F)=C7)C=C6)CC5)C4)CC3)C(C)(C)C)C=C2)SC=N1,28,6.70805109,195.8614,0.1958614,1.96E-07,5.259770677,5498.3113,5.4983113,5.50E-06
3215,P10415,P40337,CC1=C(C2=CC=C([C@H](C)NC(=O)[C@@H]3C[C@@H](O)CN3C(=O)[C@@H](NC(=O)CCCCCC(=O)N3CCN(CC4(C)CCC(C5=CC=C(Cl)C=C5)=C(CN5CCN(C6=CC=C(C(=O)NS(=O)(=O)C7=CC=C(N[C@H](CCN8CCOCC8)CSC8=CC=CC=C8)C(S(=O)(=O)C(F)(F)F)=C7)C=C6)CC5)C4)CC3)C(C)(C)C)C=C2)SC=N1,28,6.395175253,402.5546,0.4025546,4.03E-07,5.446642289,3575.6723,3.5756723,3.58E-06
3215,Q07817,P40337,CC1=C(C2=CC=C([C@H](C)NC(=O)[C@@H]3C[C@@H](O)CN3C(=O)[C@@H](NC(=O)CCCCCC(=O)N3CCN(CC4(C)CCC(C5=CC=C(Cl)C=C5)=C(CN5CCN(C6=CC=C(C(=O)NS(=O)(=O)C7=CC=C(N[C@H](CCN8CCOCC8)CSC8=CC=CC=C8)C(S(=O)(=O)C(F)(F)F)=C7)C=C6)CC5)C4)CC3)C(C)(C)C)C=C2)SC=N1,28,6.693722846,202.4311,0.2024311,2.02E-07,5.446642289,3575.6723,3.5756723,3.58E-06
3216,P10415,P40337,CC1=C(C2=CC=C([C@H](C)NC(=O)[C@@H]3C[C@@H](O)CN3C(=O)[C@@H](NC(=O)CCCCCCC(=O)N3CCN(CC4(C)CCC(C5=CC=C(Cl)C=C5)=C(CN5CCN(C6=CC=C(C(=O)NS(=O)(=O)C7=CC=C(N[C@H](CCN8CCOCC8)CSC8=CC=CC=C8)C(S(=O)(=O)C(F)(F)F)=C7)C=C6)CC5)C4)CC3)C(C)(C)C)C=C2)SC=N1,28,6.410219548,388.8485,0.3888485,3.89E-07,5.362807954,4337.0262,4.3370262,4.34E-06
3216,Q07817,P40337,CC1=C(C2=CC=C([C@H](C)NC(=O)[C@@H]3C[C@@H](O)CN3C(=O)[C@@H](NC(=O)CCCCCCC(=O)N3CCN(CC4(C)CCC(C5=CC=C(Cl)C=C5)=C(CN5CCN(C6=CC=C(C(=O)NS(=O)(=O)C7=CC=C(N[C@H](CCN8CCOCC8)CSC8=CC=CC=C8)C(S(=O)(=O)C(F)(F)F)=C7)C=C6)CC5)C4)CC3)C(C)(C)C)C=C2)SC=N1,28,6.644754488,226.5925,0.2265925,2.27E-07,5.362807954,4337.0262,4.3370262,4.34E-06
3217,P10415,P40337,CC1=C(C2=CC=C([C@H](C)NC(=O)[C@@H]3C[C@@H](O)CN3C(=O)[C@@H](NC(=O)CCCCCCCC(=O)N3CCN(CC4(C)CCC(C5=CC=C(Cl)C=C5)=C(CN5CCN(C6=CC=C(C(=O)NS(=O)(=O)C7=CC=C(N[C@H](CCN8CCOCC8)CSC8=CC=CC=C8)C(S(=O)(=O)C(F)(F)F)=C7)C=C6)CC5)C4)CC3)C(C)(C)C)C=C2)SC=N1,28,5.919067958,1204.8474,1.2048474,1.20E-06,5.454397764,3512.386,3.512386,3.51E-06
3217,Q07817,P40337,CC1=C(C2=CC=C([C@H](C)NC(=O)[C@@H]3C[C@@H](O)CN3C(=O)[C@@H](NC(=O)CCCCCCCC(=O)N3CCN(CC4(C)CCC(C5=CC=C(Cl)C=C5)=C(CN5CCN(C6=CC=C(C(=O)NS(=O)(=O)C7=CC=C(N[C@H](CCN8CCOCC8)CSC8=CC=CC=C8)C(S(=O)(=O)C(F)(F)F)=C7)C=C6)CC5)C4)CC3)C(C)(C)C)C=C2)SC=N1,28,6.841655138,143.9942,0.1439942,1.44E-07,5.454397764,3512.386,3.512386,3.51E-06
3218,P10415,P40337,CC1=C(C2=CC=C([C@H](C)NC(=O)[C@@H]3C[C@@H](O)CN3C(=O)[C@@H](NC(=O)CCCCCCCCC(=O)N3CCN(CC4(C)CCC(C5=CC=C(Cl)C=C5)=C(CN5CCN(C6=CC=C(C(=O)NS(=O)(=O)C7=CC=C(N[C@H](CCN8CCOCC8)CSC8=CC=CC=C8)C(S(=O)(=O)C(F)(F)F)=C7)C=C6)CC5)C4)CC3)C(C)(C)C)C=C2)SC=N1,28,6.128664404,743.5935,0.7435935,7.44E-07,5.431482502,3702.6912,3.7026912,3.70E-06
3218,Q07817,P40337,CC1=C(C2=CC=C([C@H](C)NC(=O)[C@@H]3C[C@@H](O)CN3C(=O)[C@@H](NC(=O)CCCCCCCCC(=O)N3CCN(CC4(C)CCC(C5=CC=C(Cl)C=C5)=C(CN5CCN(C6=CC=C(C(=O)NS(=O)(=O)C7=CC=C(N[C@H](CCN8CCOCC8)CSC8=CC=CC=C8)C(S(=O)(=O)C(F)(F)F)=C7)C=C6)CC5)C4)CC3)C(C)(C)C)C=C2)SC=N1,28,7.120682932,75.7386,0.0757386,7.57E-08,5.431482502,3702.6912,3.7026912,3.70E-06
3245,P61964,P40337,CC1=C(C2=CC=C(CNC(=O)[C@@H]3C[C@@H](O)CN3C(=O)[C@@H](NC(=O)CCCCCCCCCC(=O)NCCN3CCN(CC4=CC=CC(C5=CC=C(N6CCN(C)CC6)C(NC(=O)C6=C[NH]C(=O)C=C6C(F)(F)F)=C5)=C4)CC3)C(C)(C)C)C=C2)SC=N1,19,6.380108057,416.7657,0.4167657,4.17E-07,5.517466651,3037.6193,3.0376193,3.04E-06
3254,P61964,P40337,CC1=C(C2=CC=C(CNC(=O)[C@@H]3C[C@@H](O)CN3C(=O)[C@@H](NC(=O)CNC(=O)C3=CC=C(F)C(C4=CC=C(N5C[C@H](C)N(C)[C@H](C)C5)C(NC(=O)C5=C[NH]C(=O)C=C5C(F)(F)F)=C4)=C3)C(C)(C)C)C=C2)SC=N1,19,6.943294916,113.9476,0.1139476,1.14E-07,6.100975706,792.5457,0.7925457,7.93E-07
3255,P61964,P40337,CC1=C(C2=CC=C([C@H](C)NC(=O)[C@@H]3C[C@@H](O)CN3C(=O)[C@@H](NC(=O)CNC(=O)C3=CC=C(F)C(C4=CC=C(N5C[C@H](C)N(C)[C@H](C)C5)C(NC(=O)C5=C[NH]C(=O)C=C5C(F)(F)F)=C4)=C3)C(C)(C)C)C=C2)SC=N1,28,6.736079584,183.6202,0.1836202,1.84E-07,5.933565787,1165.2905,1.1652905,1.17E-06
3319,Q86X55,P40337,CNCCN1CCC(C2=CC(CN(C)C(=O)C3=CC=CC(OC4=CC=C(OCC(=O)N5CCC(CN6CCC(CN7CCN(CC(=O)N[C@H](C(=O)N8C[C@H](O)C[C@H]8C(=O)N[C@@H](C)C8=CC=C(C9=C(C)N=CS9)C=C8)C(C)(C)C)CC7)CC6)CC5)C=C4)=C3)=CC=N2)CC1,28,5.24614323,5673.5746,5.6735746,5.67E-06,4.927047157,11829.131,11.829131,1.18E-05
3322,Q86X55,P40337,CNCCN1CCC(C2=CC(CN(C)C(=O)C3=CC=CC(OC4=CC=C(CCC(=O)N5CCC(CN6CCC(CN7CCN(CC(=O)N[C@H](C(=O)N8C[C@H](O)C[C@H]8C(=O)N[C@@H](C)C8=CC=C(C9=C(C)N=CS9)C=C8)C(C)(C)C)CC7)CC6)CC5)C=C4)=C3)=CC=N2)CC1,28,5.311053761,4885.9187,4.8859187,4.89E-06,5.123918895,7517.6327,7.5176327,7.52E-06
3889,P21802,Q96SW2,COC1=CC(OC)=C(Cl)C(NC(=O)N(C)C2=CC(NC3=CC=C(N4CCN(C(=O)C5CCN(C6=CC=C7C(=O)N(C8CCC(=O)NC8=O)C(=O)C7=C6)CC5)CC4)C=C3)=NC=N2)=C1Cl,4,8.069570643,8.5198,0.0085198,8.52E-09,6.177427273,664.619,0.664619,6.65E-07
3362,Q16342,Q96SW2,C[C@H](NC(=O)C1=CC=C2C(C3=CC=C(C(F)(F)F)C=C3)=CC=CC2=C1)C1=CC=CC(NC2CCN(C(=O)COC3=CC=CC4=C3C(=O)N(C3CCC(=O)NC3=O)C4=O)CC2)=N1,3,6.000560925,998.7093,0.9987093,9.99E-07,6.656735237,220.427,0.220427,2.20E-07
3553,Q06187,Q96SW2,NC1=NC=NC2=C1C(C1=CC=C(OC3=CC=CC=C3)C=C1)=NN2C1CCN(CC2=CC=C(C#CC3CCN(C4=CC=C5C(=O)N(C6CCC(=O)NC6=O)C(=O)C5=C4)CC3)N=C2)CC1,4,7.465657084,34.225,0.034225,3.42E-08,7.346541153,45.0255,0.0450255,4.50E-08
3562,Q06187,Q96SW2,NC1=NC=NC2=C1C(C1=CC=C(OC3=CC=CC=C3)C=C1)=NN2C1CCN(CC2=CC=C(C#CC3CCN(C4=CC=CC5=C4C(=O)N(C4CCC(=O)NC4=O)C5=O)CC3)N=C2)CC1,3,7.361447809,43.5063,0.0435063,4.35E-08,7.004332864,99.0073,0.0990073,9.90E-08
3554,Q06187,Q96SW2,NC1=NC=NC2=C1C(C1=CC=C(OC3=CC=CC=C3)C=C1)=NN2C1CCN(C(=O)C2=CC=C(N3CCN(C4=CC=C5C(=O)N(C6CCC(=O)NC6=O)C(=O)C5=C4)CC3)N=C2)CC1,4,6.868069538,135.4972,0.1354972,1.35E-07,6.825867113,149.3251,0.1493251,1.49E-07
3555,Q06187,Q96SW2,NC1=NC=NC2=C1C(C1=CC=C(OC3=CC=CC=C3)C=C1)=NN2C1CCN(C(=O)CN2CCN(CC3CCN(C4=CC=C5C(=O)N(C6CCC(=O)NC6=O)C(=O)C5=C4)CC3)CC2)CC1,4,6.942906797,114.0495,0.1140495,1.14E-07,6.489946942,323.6332,0.3236332,3.24E-07
3558,Q06187,Q96SW2,NC1=NC=NC2=C1C(C1=CC=C(OC3=CC=CC=C3)C=C1)=NN2C1CCN(C(=O)CN2CCN(CC3CCN(C4=CC=CC5=C4C(=O)N(C4CCC(=O)NC4=O)C5=O)CC3)CC2)CC1,3,6.823326694,150.2012,0.1502012,1.50E-07,6.454292103,351.3241,0.3513241,3.51E-07
3556,Q06187,Q96SW2,NC1=NC=NC2=C1C(C1=CC=C(OC3=CC=CC=C3)C=C1)=NN2C1CCN(C(=O)CN2CCN(CC3CN(C4=CC=C5C(=O)N(C6CCC(=O)NC6=O)C(=O)C5=C4)C3)CC2)CC1,4,6.800297028,158.381,0.158381,1.58E-07,6.910788755,122.8036,0.1228036,1.23E-07
3559,Q06187,Q96SW2,NC1=NC=NC2=C1C(C1=CC=C(OC3=CC=CC=C3)C=C1)=NN2C1CCN(C(=O)CN2CCN(CC3CN(C4=CC=CC5=C4C(=O)N(C4CCC(=O)NC4=O)C5=O)C3)CC2)CC1,3,7.348136199,44.8605,0.0448605,4.49E-08,6.731966145,185.3676,0.1853676,1.85E-07
3743,P25440,Q96SW2,CC1=NN=C2COCC3=C(SC(C#CC4=CN(CC5CN(C6=CC=CC7=C6C(=O)N(C6CCC(=O)NC6=O)C7=O)C5)N=C4)=C3CC3=CC=CC=C3)N12,3,7.071644549,84.7921,0.0847921,8.48E-08,6.616047135,242.0766,0.2420766,2.42E-07
3743,Q15059,Q96SW2,CC1=NN=C2COCC3=C(SC(C#CC4=CN(CC5CN(C6=CC=CC7=C6C(=O)N(C6CCC(=O)NC6=O)C7=O)C5)N=C4)=C3CC3=CC=CC=C3)N12,3,6.567727922,270.5653,0.2705653,2.71E-07,6.616047135,242.0766,0.2420766,2.42E-07
3743,O60885,Q96SW2,CC1=NN=C2COCC3=C(SC(C#CC4=CN(CC5CN(C6=CC=CC7=C6C(=O)N(C6CCC(=O)NC6=O)C7=O)C5)N=C4)=C3CC3=CC=CC=C3)N12,3,7.616367547,24.1898,0.0241898,2.42E-08,6.616047135,242.0766,0.2420766,2.42E-07
3565,Q9UBN7,Q96SW2,O=C(CCCCCCNC(=O)C1=CC=C(NC(=O)CCCCCCCNC(=O)COC2=CC=CC3=C2C(=O)N(C2CCC(=O)NC2=O)C3=O)C=C1)NO,3,7.750368744,17.7677,0.0177677,1.78E-08,6.750338627,177.6893,0.1776893,1.78E-07
3566,P50750,Q96SW2,O=C1CCC(N2C(=O)C3=CC=CC(OCCCCCN4C=C(CCCCN5CCC(NC(=O)C6=C(NC(=O)C7=C(Cl)C=CC=C7Cl)C=N[NH]6)CC5)N=N4)=C3C2=O)C(=O)N1,3,7.454868585,35.0858,0.0350858,3.51E-08,7.270815771,53.6024,0.0536024,5.36E-08
3567,P50750,Q96SW2,O=C1CCC(N2C(=O)C3=CC=CC(OCCCCN4C=C(CCCCN5CCC(NC(=O)C6=C(NC(=O)C7=C(Cl)C=CC=C7Cl)C=N[NH]6)CC5)N=N4)=C3C2=O)C(=O)N1,3,7.434331097,36.7848,0.0367848,3.68E-08,7.140641313,72.3367,0.0723367,7.23E-08
3568,P50750,Q96SW2,O=C1CCC(N2C(=O)C3=CC=CC(OCCCCN4C=C(CCCCCN5CCC(NC(=O)C6=C(NC(=O)C7=C(Cl)C=CC=C7Cl)C=N[NH]6)CC5)N=N4)=C3C2=O)C(=O)N1,3,7.776997582,16.711,0.016711,1.67E-08,7.151142668,70.6086,0.0706086,7.06E-08
3569,P50750,Q96SW2,O=C1CCC(N2C(=O)C3=CC=CC(OCCCCCCCCN4C=C(CCN5CCC(NC(=O)C6=C(NC(=O)C7=C(Cl)C=CC=C7Cl)C=N[NH]6)CC5)N=N4)=C3C2=O)C(=O)N1,3,7.551619598,28.0789,0.0280789,2.81E-08,7.632173117,23.3253,0.0233253,2.33E-08
3570,P50750,Q96SW2,O=C1CCC(N2C(=O)C3=CC=CC(OCCCCCN4C=C(CCCCCN5CCC(NC(=O)C6=C(NC(=O)C7=C(Cl)C=CC=C7Cl)C=N[NH]6)CC5)N=N4)=C3C2=O)C(=O)N1,3,7.848920536,14.1605,0.0141605,1.42E-08,7.133698018,73.5025,0.0735025,7.35E-08
3571,P50750,Q96SW2,O=C1CCC(N2C(=O)C3=CC=CC(OCCCCN4C=C(CCCCCCN5CCC(NC(=O)C6=C(NC(=O)C7=C(Cl)C=CC=C7Cl)C=N[NH]6)CC5)N=N4)=C3C2=O)C(=O)N1,3,7.829267308,14.8161,0.0148161,1.48E-08,7.391335006,40.613,0.040613,4.06E-08
3572,P50750,Q96SW2,O=C1CCC(N2C(=O)C3=CC=CC(OCCCCCCCCN4C=C(CCCCCCN5CCC(NC(=O)C6=C(NC(=O)C7=C(Cl)C=CC=C7Cl)C=N[NH]6)CC5)N=N4)=C3C2=O)C(=O)N1,3,7.53617305,29.0956,0.0290956,2.91E-08,7.157980966,69.5055,0.0695055,6.95E-08
3573,P50750,Q96SW2,O=C1CCC(N2C(=O)C3=CC=CC(OCCCCCCCN4C=C(CCCCCCCN5CCC(NC(=O)C6=C(NC(=O)C7=C(Cl)C=CC=C7Cl)C=N[NH]6)CC5)N=N4)=C3C2=O)C(=O)N1,3,7.602653426,24.9659,0.0249659,2.50E-08,7.862293532,13.7311,0.0137311,1.37E-08
3574,P50750,Q96SW2,O=C1CCC(N2C(=O)C3=CC=CC(OCCCCN4C=C(CCCCCCCCCCN5CCC(NC(=O)C6=C(NC(=O)C7=C(Cl)C=CC=C7Cl)C=N[NH]6)CC5)N=N4)=C3C2=O)C(=O)N1,3,7.469295376,33.9394,0.0339394,3.39E-08,7.373283378,42.3367,0.0423367,4.23E-08
3575,P50750,Q96SW2,O=C1CCC(N2C(=O)C3=CC=CC(OCCCCCCCN4C=C(CCCCCN5CCC(NC(=O)C6=C(NC(=O)C7=C(Cl)C=CC=C7Cl)C=N[NH]6)CC5)N=N4)=C3C2=O)C(=O)N1,3,7.343157506,45.3777,0.0453777,4.54E-08,7.576021679,26.5447,0.0265447,2.65E-08
3603,P51531,P40337,CC1=C(C2=CC=C([C@H](C)NC(=O)[C@@H]3C[C@@H](O)CN3C(=O)[C@@H](NC(=O)C3=CC=NC(N4CCN(C5=CC(C6=CC=CC=C6O)=NN=C5N)CC4)=C3)C(C)(C)C)C=C2)SC=N1,28,5.049442641,8923.9547,8.9239547,8.92E-06,5.582601464,2614.5595,2.6145595,2.61E-06
3604,P51531,P40337,CC1=C(C2=CC=C([C@H](C)NC(=O)[C@@H]3C[C@@H](O)CN3C(=O)[C@@H](NC(=O)C3=CC=CC(N4CCN(C5=CC(C6=CC=CC=C6O)=NN=C5N)CC4)=N3)C(C)(C)C)C=C2)SC=N1,28,5.417679913,3822.2588,3.8222588,3.82E-06,5.380227587,4166.5099,4.1665099,4.17E-06
3606,P51531,P40337,CC1=C(C2=CC=C([C@H](C)NC(=O)[C@@H]3C[C@@H](O)CN3C(=O)[C@@H](NC(=O)C3=CC=CC(N4CCN(C5=CC(C6=CC=CC=C6O)=NN=C5N)CC4)=C3)C(C)(C)C)C=C2)SC=N1,28,5.377853403,4189.3495,4.1893495,4.19E-06,5.784617459,1642.0355,1.6420355,1.64E-06
3607,P51531,P40337,CC1=C(C2=CC=C([C@H](C)NC(=O)[C@@H]3C[C@@H](O)CN3C(=O)[C@@H](NC(=O)C3=CSC(N4CCN(C5=CC(C6=CC=CC=C6O)=NN=C5N)CC4)=N3)C(C)(C)C)C=C2)SC=N1,28,4.936843516,11565.2888,11.5652888,1.16E-05,5.598581084,2520.1066,2.5201066,2.52E-06
3608,P51531,P40337,CC1=C(C2=CC=C([C@H](C)NC(=O)[C@@H]3C[C@@H](O)CN3C(=O)[C@@H](NC(=O)CC3=CC=NC(N4CCN(C5=CC(C6=CC=CC=C6O)=NN=C5N)CC4)=C3)C(C)(C)C)C=C2)SC=N1,28,4.668308695,21463.0435,21.4630435,2.15E-05,5.57157063,2681.8184,2.6818184,2.68E-06
3609,P51531,P40337,CC1=C(C2=CC=C([C@H](C)NC(=O)[C@@H]3C[C@@H](O)CN3C(=O)[C@@H](NC(=O)CCC3=CC=NC(N4CCN(C5=CC(C6=CC=CC=C6O)=NN=C5N)CC4)=C3)C(C)(C)C)C=C2)SC=N1,28,4.710708443,19466.6651,19.4666651,1.95E-05,5.616907959,2415.9728,2.4159728,2.42E-06
159,P25440,Q96SW2,CC1=NN=C2COCC3=C(SC(C#CC4=CN(CCNC5=CC=CC6=C5C(=O)N(C5CCC(=O)NC5=O)C6=O)N=C4)=C3CC3=CC=CC=C3)N12,2,6.925313541,118.7644,0.1187644,1.19E-07,6.207319652,620.4122,0.6204122,6.20E-07
159,Q15059,Q96SW2,CC1=NN=C2COCC3=C(SC(C#CC4=CN(CCNC5=CC=CC6=C5C(=O)N(C5CCC(=O)NC5=O)C6=O)N=C4)=C3CC3=CC=CC=C3)N12,2,6.73809061,182.7719,0.1827719,1.83E-07,6.207319652,620.4122,0.6204122,6.20E-07
159,O60885,Q96SW2,CC1=NN=C2COCC3=C(SC(C#CC4=CN(CCNC5=CC=CC6=C5C(=O)N(C5CCC(=O)NC5=O)C6=O)N=C4)=C3CC3=CC=CC=C3)N12,2,7.186972206,65.0171,0.0650171,6.50E-08,6.207319652,620.4122,0.6204122,6.20E-07
3745,O60885,Q96SW2,CC1=NN=C2COCC3=C(SC(C#CC4=CN(C5CN(C6=CC=CC7=C6C(=O)N(C6CCC(=O)NC6=O)C7=O)C5)N=C4)=C3CC3=CC=CC=C3)N12,3,7.339625809,45.7482,0.0457482,4.57E-08,6.561924347,274.2052,0.2742052,2.74E-07
3746,P25440,Q96SW2,CC1=NN=C2COCC3=C(SC(C#CC4=CN(C5CN(C6=CC=C7C(=O)N(C8CCC(=O)NC8=O)C(=O)C7=C6)C5)N=C4)=C3CC3=CC=CC=C3)N12,4,6.646769252,225.5437,0.2255437,2.26E-07,6.639259789,229.4776,0.2294776,2.29E-07
3746,Q15059,Q96SW2,CC1=NN=C2COCC3=C(SC(C#CC4=CN(C5CN(C6=CC=C7C(=O)N(C8CCC(=O)NC8=O)C(=O)C7=C6)C5)N=C4)=C3CC3=CC=CC=C3)N12,4,5.968564637,1075.0666,1.0750666,1.08E-06,6.639259789,229.4776,0.2294776,2.29E-07
3746,O60885,Q96SW2,CC1=NN=C2COCC3=C(SC(C#CC4=CN(C5CN(C6=CC=C7C(=O)N(C8CCC(=O)NC8=O)C(=O)C7=C6)C5)N=C4)=C3CC3=CC=CC=C3)N12,4,7.328071946,46.9816,0.0469816,4.70E-08,6.639259789,229.4776,0.2294776,2.29E-07
3747,O60885,Q96SW2,CC1=NN=C2COCC3=C(SC(C#CC4=CN(C5(CCN6CCN(C)CC6)CN(C6=CC=CC7=C6C(=O)N(C6CCC(=O)NC6=O)C7=O)C5)N=C4)=C3CC3=CC=CC=C3)N12,3,7.283633991,52.0434,0.0520434,5.20E-08,6.798721987,158.9564,0.1589564,1.59E-07
3997,Q06187,Q96SW2,O=C1CCC(N2C(=O)C3=CC=C(N4CCC(CCN5CCC(CC(=O)N[C@H]6CC[C@@H](NC7=NC=NC8=C7C(C(=O)C7=CC=C(OC9=CC=CC=C9)C=C7Cl)=C[NH]8)CC6)CC5)CC4)C=C3C2=O)C(=O)N1,4,7.698405379,20.026,0.020026,2.00E-08,6.825871006,149.3238,0.1493238,1.49E-07
4266,O75530,P40337,CC1=C(C2=CC=C(CNC(=O)[C@@H]3C[C@@H](O)CN3C(=O)[C@@H](NC(=O)[C@H]3C[C@@H](NC(=O)C4=CC=C(C5=CN=C(NCC6=CC=CO6)N6C=NN=C56)C=C4)C3)C(C)(C)C)C=C2)SC=N1,19,6.267651474,539.9438,0.5399438,5.40E-07,5.721305791,1899.7402,1.8997402,1.90E-06
4266,Q15910,P40337,CC1=C(C2=CC=C(CNC(=O)[C@@H]3C[C@@H](O)CN3C(=O)[C@@H](NC(=O)[C@H]3C[C@@H](NC(=O)C4=CC=C(C5=CN=C(NCC6=CC=CO6)N6C=NN=C56)C=C4)C3)C(C)(C)C)C=C2)SC=N1,19,6.267697732,539.8863,0.5398863,5.40E-07,5.721305791,1899.7402,1.8997402,1.90E-06
4267,O75530,P40337,CC1=C(C2=CC=C(CNC(=O)[C@@H]3C[C@@H](O)CN3C(=O)[C@@H](NC(=O)[C@H]3C[C@H](NC(=O)C4=CC=C(C5=CN=C(NCC6=CC=CO6)N6C=NN=C56)C=C4)C3)C(C)(C)C)C=C2)SC=N1,19,6.191176439,643.9076,0.6439076,6.44E-07,5.916112692,1213.074,1.213074,1.21E-06
4868,O60885,Q96SW2,CC1=C(C)C2=C(S1)N1C(C)=NN=C1[C@H](CC(=O)NCC(=O)NCCCOC1=CC=CC3=C1C(=O)N(C1CCC(=O)NC1=O)C3=O)N=C2C1=CC=C(Cl)C=C1,3,7.365915382,43.0611,0.0430611,4.31E-08,5.853910115,1399.877,1.399877,1.40E-06
4869,O60885,Q96SW2,CC1=C(C)C2=C(S1)N1C(C)=NN=C1[C@H](CC(=O)NCC(=O)NCCCCOC1=CC=CC3=C1C(=O)N(C1CCC(=O)NC1=O)C3=O)N=C2C1=CC=C(Cl)C=C1,3,7.098126541,79.7762,0.0797762,7.98E-08,6.123089567,753.2002,0.7532002,7.53E-07
4870,O60885,Q96SW2,CC1=C(C)C2=C(S1)N1C(C)=NN=C1[C@H](CC(=O)NCC(=O)NCCCCCOC1=CC=CC3=C1C(=O)N(C1CCC(=O)NC1=O)C3=O)N=C2C1=CC=C(Cl)C=C1,3,6.871469248,134.4407,0.1344407,1.34E-07,6.022176762,950.218,0.950218,9.50E-07
4873,O60885,Q96SW2,CC1=C(C)C2=C(S1)N1C(C)=NN=C1[C@H](CC(=O)N1CCN(CC(=O)NCCCOC3=CC=CC4=C3C(=O)N(C3CCC(=O)NC3=O)C4=O)CC1)N=C2C1=CC=C(Cl)C=C1,3,7.185216147,65.2806,0.0652806,6.53E-08,6.126522026,747.2707,0.7472707,7.47E-07
4874,O60885,Q96SW2,CC1=C(C)C2=C(S1)N1C(C)=NN=C1[C@H](CC(=O)N1CCN(CC(=O)NCCCCOC3=CC=CC4=C3C(=O)N(C3CCC(=O)NC3=O)C4=O)CC1)N=C2C1=CC=C(Cl)C=C1,3,6.918620458,120.609,0.120609,1.21E-07,6.049974482,891.3033,0.8913033,8.91E-07
4875,O60885,Q96SW2,CC1=C(C)C2=C(S1)N1C(C)=NN=C1[C@H](CC(=O)N1CCN(CC(=O)NCCCCCOC3=CC=CC4=C3C(=O)N(C3CCC(=O)NC3=O)C4=O)CC1)N=C2C1=CC=C(Cl)C=C1,3,6.924627388,118.9522,0.1189522,1.19E-07,6.126826479,746.7471,0.7467471,7.47E-07
4878,O60885,Q96SW2,CC1=C(C)C2=C(S1)N1C(C)=NN=C1[C@H](CC(=O)OCC(=O)NCCCCOC1=CC=CC3=C1C(=O)N(C1CCC(=O)NC1=O)C3=O)N=C2C1=CC=C(Cl)C=C1,3,7.321941597,47.6495,0.0476495,4.76E-08,6.204758742,624.0814,0.6240814,6.24E-07
5394,Q9BY41,Q96SW2,O=C(CCCCOC1=CC=C(CCNC(=O)C2=CC=CC(C(=O)NO)=C2)C=C1)NCCCCCCNC1=CC=CC2=C1C(=O)N(C1CCC(=O)NC1=O)C2=O,2,7.84210065,14.3847,0.0143847,1.44E-08,7.359980615,43.6535,0.0436535,4.37E-08
5402,Q9BY41,Q96SW2,O=C1CCC(N2C(=O)C3=CC=CC(N4CCC(N5CCN(C(=O)CCCCOC6=CC=C(CCNC(=O)C7=CC=CC(C(=O)NO)=C7)C=C6)CC5)CC4)=C3C2=O)C(=O)N1,3,7.350580973,44.6086,0.0446086,4.46E-08,6.646329771,225.7721,0.2257721,2.26E-07
5406,Q9BY41,Q96SW2,O=C(CCCCOC1=CC=C(CCNC(=O)C2=CC=CC(C(=O)NO)=C2)C=C1)NCCCCCCNC1=CC=C2C(=O)N(C3CCC(=O)NC3=O)C(=O)C2=C1,4,7.868029193,13.551,0.013551,1.36E-08,7.245861529,56.7726,0.0567726,5.68E-08
